serial,local,dt,weather,WindDirection,WindSpeed,AirTemperature,RelativeHumidity,AirPressure
178,阿公店,2024-09-26 16:00:00,晴,324,5.9,30.8,73,1001.3
179,大社,2024-09-26 16:00:00,晴,302,2.5,31.5,68,1007.3
180,橋頭,2024-09-26 16:00:00,晴,322,3.6,31.5,76,1005.7
181,阿公店,2024-09-26 17:00:00,晴,325,5.2,30.1,74,1001.6
182,大社,2024-09-26 17:00:00,晴,315,2.0,30.7,71,1007.5
183,橋頭,2024-09-26 17:00:00,晴,319,4.0,31.1,77,1006.0
184,阿公店,2024-09-26 18:00:00,多雲,339,4.2,29.7,77,1001.9
185,大社,2024-09-26 18:00:00,多雲,316,1.9,29.8,75,1007.8
186,橋頭,2024-09-26 18:00:00,多雲,319,2.2,30.4,78,1006.1
187,阿公店,2024-09-26 19:00:00,多雲,24,3.9,28.9,80,1002.2
188,大社,2024-09-26 19:00:00,多雲,340,1.4,29.4,78,1008.0
189,橋頭,2024-09-26 19:00:00,多雲,337,1.1,30.4,78,1006.3
190,阿公店,2024-09-26 20:00:00,多雲,43,1.7,28.4,85,1002.9
191,大社,2024-09-26 20:00:00,多雲,330,1.3,28.9,85,1008.6
192,橋頭,2024-09-26 20:00:00,多雲,346,1.5,30.5,79,1007.0
193,阿公店,2024-09-26 21:00:00,多雲,-99,-99.0,-99.0,-99,-99.0
194,大社,2024-09-26 21:00:00,多雲,335,1.6,28.4,99,1008.9
195,橋頭,2024-09-26 21:00:00,多雲,9,0.6,30.3,81,1007.2
196,阿公店,2024-09-26 22:00:00,多雲,51,2.0,27.3,89,1002.9
197,大社,2024-09-26 22:00:00,陰,344,1.7,27.9,100,1008.7
198,橋頭,2024-09-26 22:00:00,陰,12,1.6,29.8,85,1007.1
199,阿公店,2024-09-26 23:00:00,多雲,75,0.9,26.9,90,1003.2
200,大社,2024-09-26 23:00:00,多雲,35,0.7,27.8,100,1008.9
201,橋頭,2024-09-26 23:00:00,多雲,56,0.6,29.0,89,1007.3
202,阿公店,2024-09-27 00:00:00,多雲,50,0.6,26.9,91,1003.2
203,大社,2024-09-27 00:00:00,多雲,33,0.7,27.4,100,1009.0
204,橋頭,2024-09-27 00:00:00,多雲,0,0.1,28.9,90,1007.4
205,阿公店,2024-09-27 01:00:00,多雲,0,0.0,26.7,92,1002.6
206,大社,2024-09-27 01:00:00,多雲,339,0.5,27.3,100,1008.4
207,橋頭,2024-09-27 01:00:00,多雲,-99,-99.0,-99.0,-99,-99.0
208,阿公店,2024-09-27 02:00:00,多雲,0,0.0,27.0,91,1002.5
209,大社,2024-09-27 02:00:00,多雲,328,0.8,27.2,100,1008.2
210,橋頭,2024-09-27 02:00:00,多雲,0,0.2,29.1,89,1006.6
211,阿公店,2024-09-27 03:00:00,多雲,0,0.2,26.4,91,1002.1
212,大社,2024-09-27 03:00:00,多雲,63,0.6,27.1,100,1007.8
213,橋頭,2024-09-27 03:00:00,多雲,0,0.1,28.6,92,1006.2
214,阿公店,2024-09-27 04:00:00,多雲,57,1.5,26.2,92,1001.8
215,大社,2024-09-27 04:00:00,多雲,54,0.9,26.7,100,1007.6
216,橋頭,2024-09-27 04:00:00,多雲,0,0.2,28.6,92,1005.9
217,阿公店,2024-09-27 05:00:00,多雲,48,1.3,26.1,90,1002.3
218,大社,2024-09-27 05:00:00,多雲,19,1.2,26.4,100,1008.1
219,橋頭,2024-09-27 05:00:00,多雲,68,0.4,28.2,94,1006.4
220,阿公店,2024-09-27 06:00:00,多雲,79,0.7,26.1,90,1002.2
221,大社,2024-09-27 06:00:00,多雲,329,0.4,26.2,100,1008.0
222,橋頭,2024-09-27 06:00:00,多雲,49,0.6,27.9,94,1006.3
223,阿公店,2024-09-27 07:00:00,多雲,78,0.3,26.4,92,1002.9
224,大社,2024-09-27 07:00:00,多雲,352,1.0,26.8,100,1008.7
225,橋頭,2024-09-27 07:00:00,多雲,61,0.3,29.1,91,1007.0
226,阿公店,2024-09-27 08:00:00,陰,24,1.3,27.3,91,1003.3
227,大社,2024-09-27 08:00:00,陰,330,1.3,28.0,100,1009.0
228,橋頭,2024-09-27 08:00:00,陰,-99,-99.0,-99.0,-99,-99.0
229,阿公店,2024-09-27 09:00:00,多雲,26,1.4,29.1,83,1003.3
230,大社,2024-09-27 09:00:00,多雲,2,1.7,29.7,91,1009.0
231,橋頭,2024-09-27 09:00:00,多雲,340,1.4,30.9,76,1007.3
232,阿公店,2024-09-27 11:00:00,陰,356,3.6,29.9,73,1002.8
233,大社,2024-09-27 11:00:00,多雲,346,2.2,32.0,63,1008.6
234,橋頭,2024-09-27 11:00:00,陰,352,1.7,32.1,71,1006.9
235,阿公店,2024-09-27 12:00:00,陰,16,5.4,29.8,73,1002.1
236,大社,2024-09-27 12:00:00,陰,325,1.9,31.3,65,1007.9
237,橋頭,2024-09-27 12:00:00,陰,329,1.4,31.1,76,1006.3
238,阿公店,2024-09-27 13:00:00,多雲,351,4.4,29.8,75,1000.9
239,大社,2024-09-27 13:00:00,陰有雨,346,1.2,30.3,93,1006.8
240,橋頭,2024-09-27 13:00:00,多雲,354,2.4,31.7,74,1005.1
241,阿公店,2024-09-27 14:00:00,多雲,23,3.7,30.2,75,999.9
242,大社,2024-09-27 14:00:00,多雲,339,2.6,32.1,65,1005.7
243,橋頭,2024-09-27 14:00:00,多雲,357,1.9,32.7,69,1004.0
244,阿公店,2024-09-27 15:00:00,多雲,12,3.1,30.4,70,999.7
245,大社,2024-09-27 15:00:00,多雲,338,2.4,31.5,62,1005.5
246,橋頭,2024-09-27 15:00:00,多雲,323,3.2,32.2,74,1003.9
247,阿公店,2024-09-27 16:00:00,多雲,2,5.1,30.1,74,999.7
248,大社,2024-09-27 16:00:00,多雲,349,2.4,31.5,63,1005.5
249,橋頭,2024-09-27 16:00:00,多雲,319,4.1,31.4,75,1003.9
250,阿公店,2024-09-27 17:00:00,晴,34,3.2,29.3,80,1000.0
251,大社,2024-09-27 17:00:00,晴,338,2.2,30.8,67,1005.7
252,橋頭,2024-09-27 17:00:00,晴,6,2.0,32.4,71,1004.1
253,阿公店,2024-09-27 18:00:00,多雲,6,3.7,29.4,79,1000.6
254,大社,2024-09-27 18:00:00,陰,343,1.8,29.6,78,1006.3
255,橋頭,2024-09-27 18:00:00,陰,5,1.5,31.3,74,1004.8
256,阿公店,2024-09-27 19:00:00,陰,29,2.6,28.8,79,1001.1
257,大社,2024-09-27 19:00:00,陰,341,1.8,29.1,83,1006.8
258,橋頭,2024-09-27 19:00:00,陰,7,1.2,30.7,77,1005.2
259,阿公店,2024-09-27 20:00:00,多雲,14,3.3,28.0,85,1001.7
260,大社,2024-09-27 20:00:00,多雲,347,2.1,28.4,87,1007.5
261,橋頭,2024-09-27 20:00:00,陰,13,1.8,30.1,78,1006.0
262,阿公店,2024-09-27 21:00:00,多雲,18,2.9,27.5,87,1002.0
263,大社,2024-09-27 21:00:00,多雲,351,1.4,27.9,98,1007.9
264,橋頭,2024-09-27 21:00:00,多雲,10,1.4,29.7,80,1006.2
265,阿公店,2024-09-27 21:00:00,多雲,18,2.9,27.5,87,1002.0
266,大社,2024-09-27 21:00:00,多雲,351,1.4,27.9,98,1007.9
267,橋頭,2024-09-27 21:00:00,多雲,10,1.4,29.7,80,1006.2
268,阿公店,2024-09-27 22:00:00,多雲,63,2.3,26.9,89,1002.4
269,大社,2024-09-27 22:00:00,多雲,358,1.3,27.3,100,1008.2
270,橋頭,2024-09-27 22:00:00,多雲,26,1.3,29.1,86,1006.5
271,阿公店,2024-09-27 23:00:00,陰,19,1.7,26.7,90,1001.9
272,大社,2024-09-27 23:00:00,陰,324,1.0,26.9,100,1007.7
273,橋頭,2024-09-27 23:00:00,陰,16,0.9,28.7,88,1006.1
274,阿公店,2024-09-28 00:00:00,多雲,0,0.0,26.6,90,1001.4
275,大社,2024-09-28 00:00:00,陰,336,0.7,26.7,100,1007.1
276,橋頭,2024-09-28 00:00:00,多雲,30,0.9,28.6,88,1005.5
277,阿公店,2024-09-28 01:00:00,多雲,82,2.1,25.9,93,1001.1
278,大社,2024-09-28 01:00:00,多雲,33,0.8,26.6,100,1006.8
279,橋頭,2024-09-28 01:00:00,陰,59,1.0,28.1,90,1005.3
280,阿公店,2024-09-28 02:00:00,多雲,61,1.4,25.8,93,1000.3
281,大社,2024-09-28 02:00:00,多雲,11,1.0,26.2,100,1006.1
282,橋頭,2024-09-28 02:00:00,陰,45,0.9,27.7,92,1004.4
283,阿公店,2024-09-28 03:00:00,陰,35,3.0,25.7,92,999.9
284,大社,2024-09-28 03:00:00,陰,358,0.9,26.0,100,1005.7
285,橋頭,2024-09-28 03:00:00,陰,36,0.7,27.7,93,1004.0
286,阿公店,2024-09-28 04:00:00,陰,60,2.3,25.4,91,999.8
287,大社,2024-09-28 04:00:00,陰,354,1.3,25.9,100,1005.6
288,橋頭,2024-09-28 04:00:00,陰,43,0.9,27.4,94,1003.9
289,阿公店,2024-09-28 05:00:00,陰,97,1.2,25.6,90,1000.0
290,大社,2024-09-28 05:00:00,陰,1,1.1,25.9,100,1005.8
291,橋頭,2024-09-28 05:00:00,陰,33,0.4,27.5,93,1004.1
292,阿公店,2024-09-28 07:00:00,-99,35,1.2,26.3,91,1001.2
293,大社,2024-09-28 07:00:00,多雲,352,0.9,26.7,100,1007.0
294,橋頭,2024-09-28 07:00:00,-99,54,0.4,28.1,91,1005.4
295,阿公店,2024-09-28 08:00:00,-99,41,0.9,28.1,82,1001.5
296,大社,2024-09-28 08:00:00,-99,9,0.8,28.3,94,1007.3
297,橋頭,2024-09-28 08:00:00,-99,24,0.6,30.1,77,1005.6
298,阿公店,2024-09-28 09:00:00,-99,0,0.0,29.9,70,1001.6
299,大社,2024-09-28 09:00:00,-99,13,1.2,30.1,73,1007.4
300,橋頭,2024-09-28 09:00:00,-99,62,1.0,32.1,70,1005.6
301,阿公店,2024-09-28 10:00:00,-99,62,1.5,30.5,65,1001.7
302,大社,2024-09-28 10:00:00,-99,164,0.9,31.2,58,1007.4
303,橋頭,2024-09-28 10:00:00,-99,208,0.4,35.0,56,1005.8
304,阿公店,2024-09-28 11:00:00,-99,219,0.5,31.6,60,1001.3
305,大社,2024-09-28 11:00:00,-99,274,1.3,31.9,59,1007.0
306,橋頭,2024-09-28 11:00:00,-99,244,2.2,32.0,72,1005.5
307,阿公店,2024-09-28 12:00:00,-99,296,0.3,31.1,68,1000.3
308,大社,2024-09-28 12:00:00,-99,249,1.8,31.5,64,1006.1
309,橋頭,2024-09-28 12:00:00,-99,236,1.9,32.3,72,1004.6
310,阿公店,2024-09-28 13:00:00,-99,280,2.5,30.7,72,999.2
311,大社,2024-09-28 13:00:00,陰,307,2.0,31.3,67,1005.0
312,橋頭,2024-09-28 13:00:00,-99,237,2.4,32.0,72,1003.5
313,阿公店,2024-09-28 14:00:00,-99,277,1.9,31.1,70,998.3
314,大社,2024-09-28 14:00:00,-99,279,1.0,31.8,64,1004.2
315,橋頭,2024-09-28 14:00:00,-99,254,1.1,34.1,69,1002.6
316,阿公店,2024-09-28 15:00:00,-99,283,2.1,31.4,67,997.6
317,大社,2024-09-28 15:00:00,-99,303,1.3,32.0,62,1003.5
318,橋頭,2024-09-28 15:00:00,-99,318,2.2,32.3,71,1001.9
319,阿公店,2024-09-28 16:00:00,-99,268,2.3,30.7,70,997.7
320,大社,2024-09-28 16:00:00,陰,270,0.6,32.0,62,1003.6
321,橋頭,2024-09-28 16:00:00,-99,262,1.4,33.6,68,1002.0
322,阿公店,2024-09-28 17:00:00,-99,236,1.6,30.3,73,998.2
323,大社,2024-09-28 17:00:00,-99,224,1.2,30.8,70,1003.9
324,橋頭,2024-09-28 17:00:00,-99,230,1.6,32.5,71,1002.4
325,阿公店,2024-09-28 18:00:00,-99,207,2.5,29.7,74,998.7
326,大社,2024-09-28 18:00:00,-99,302,0.6,29.1,97,1004.5
327,橋頭,2024-09-28 18:00:00,-99,237,2.0,31.5,73,1002.9
328,阿公店,2024-09-28 19:00:00,-99,174,2.1,29.1,76,998.8
329,大社,2024-09-28 19:00:00,-99,159,0.9,29.4,79,1004.5
330,橋頭,2024-09-28 19:00:00,-99,220,2.1,30.8,70,1003.0
331,阿公店,2024-09-28 20:00:00,-99,179,1.0,29.2,75,999.9
332,大社,2024-09-28 20:00:00,-99,176,0.5,29.3,78,1005.7
333,橋頭,2024-09-28 20:00:00,-99,232,1.3,30.5,72,1004.1
334,阿公店,2024-09-28 21:00:00,-99,120,0.8,28.4,83,1000.9
335,大社,2024-09-28 21:00:00,-99,150,0.9,29.4,74,1006.5
336,橋頭,2024-09-28 21:00:00,-99,176,0.4,30.3,75,1004.9
337,阿公店,2024-09-28 22:00:00,-99,132,2.4,27.2,89,999.6
338,大社,2024-09-28 22:00:00,-99,227,0.9,29.1,83,1005.4
339,橋頭,2024-09-28 22:00:00,-99,217,0.9,30.2,78,1003.7
340,阿公店,2024-09-28 23:00:00,-99,52,0.6,27.4,87,1000.2
341,大社,2024-09-28 23:00:00,多雲,177,0.3,28.1,99,1005.9
342,橋頭,2024-09-28 23:00:00,-99,108,0.7,30.0,79,1004.3
343,阿公店,2024-09-29 00:00:00,-99,95,1.6,26.7,91,999.7
344,大社,2024-09-29 00:00:00,-99,98,1.0,27.5,100,1005.4
345,橋頭,2024-09-29 00:00:00,-99,96,0.3,28.7,90,1003.8
346,阿公店,2024-09-29 01:00:00,-99,98,1.7,27.2,90,999.2
347,大社,2024-09-29 01:00:00,-99,119,1.1,27.6,100,1004.8
348,橋頭,2024-09-29 01:00:00,-99,112,0.9,29.1,88,1003.2
349,阿公店,2024-09-29 02:00:00,-99,79,2.0,26.5,92,998.9
350,大社,2024-09-29 02:00:00,-99,83,1.3,27.3,100,1004.7
351,橋頭,2024-09-29 02:00:00,-99,108,1.2,28.3,93,1003.0
352,阿公店,2024-09-29 03:00:00,-99,97,1.4,26.5,93,998.7
353,大社,2024-09-29 03:00:00,-99,137,1.5,27.6,100,1004.5
354,橋頭,2024-09-29 03:00:00,-99,112,1.0,28.2,93,1002.8
355,阿公店,2024-09-29 04:00:00,-99,75,0.8,26.8,90,998.4
356,大社,2024-09-29 04:00:00,-99,119,0.6,27.3,100,1004.1
357,橋頭,2024-09-29 04:00:00,-99,111,0.9,28.3,92,1002.5
358,阿公店,2024-09-29 05:00:00,-99,57,1.6,26.6,91,998.5
359,大社,2024-09-29 05:00:00,-99,75,1.8,27.1,100,1004.1
360,橋頭,2024-09-29 05:00:00,-99,105,0.9,28.1,91,1002.4
361,阿公店,2024-09-29 06:00:00,-99,46,2.4,25.9,92,998.3
362,大社,2024-09-29 06:00:00,-99,50,0.5,26.6,100,1004.0
363,橋頭,2024-09-29 06:00:00,-99,92,0.4,27.9,92,1002.4
364,阿公店,2024-09-29 07:00:00,-99,52,1.5,26.7,90,998.7
365,大社,2024-09-29 07:00:00,-99,334,0.3,27.3,100,1004.5
366,橋頭,2024-09-29 07:00:00,-99,70,0.8,29.4,87,1002.8
367,阿公店,2024-09-29 08:00:00,-99,46,1.2,28.7,79,999.3
368,大社,2024-09-29 08:00:00,-99,130,1.0,29.4,88,1005.1
369,橋頭,2024-09-29 08:00:00,-99,65,0.4,30.6,77,1003.4
370,阿公店,2024-09-29 09:00:00,-99,24,1.3,29.9,72,999.7
371,大社,2024-09-29 09:00:00,-99,52,1.0,30.6,68,1005.4
372,橋頭,2024-09-29 09:00:00,-99,108,1.2,32.5,71,1003.8
373,阿公店,2024-09-29 10:00:00,-99,101,2.1,30.5,69,999.9
374,大社,2024-09-29 10:00:00,-99,95,1.5,31.8,59,1005.6
375,橋頭,2024-09-29 10:00:00,晴,91,0.7,33.4,66,1003.9
376,阿公店,2024-09-29 11:00:00,-99,97,1.8,30.7,66,999.2
377,大社,2024-09-29 11:00:00,-99,118,1.4,32.1,57,1004.8
378,橋頭,2024-09-29 11:00:00,-99,80,0.6,33.8,65,1003.2
379,阿公店,2024-09-29 12:00:00,-99,167,0.5,32.7,59,998.5
380,大社,2024-09-29 12:00:00,陰,171,1.3,33.3,53,1004.2
381,橋頭,2024-09-29 12:00:00,-99,243,2.5,34.2,69,1002.8
382,阿公店,2024-09-29 13:00:00,-99,294,3.7,30.9,70,997.3
383,大社,2024-09-29 13:00:00,陰,270,1.0,31.0,70,1003.4
384,橋頭,2024-09-29 13:00:00,-99,240,2.5,31.6,76,1001.9
385,阿公店,2024-09-29 14:00:00,-99,268,1.8,30.0,76,997.2
386,大社,2024-09-29 14:00:00,陰,313,1.0,30.7,72,1002.9
387,橋頭,2024-09-29 14:00:00,-99,261,1.4,32.0,75,1001.4
388,阿公店,2024-09-29 15:00:00,-99,318,2.1,30.6,74,996.8
389,大社,2024-09-29 15:00:00,-99,298,1.4,30.9,71,1002.6
390,橋頭,2024-09-29 15:00:00,-99,305,1.1,32.0,75,1001.1
391,阿公店,2024-09-29 16:00:00,-99,259,2.0,30.1,77,996.6
392,大社,2024-09-29 16:00:00,陰,279,1.1,30.6,71,1002.4
393,橋頭,2024-09-29 16:00:00,-99,240,1.8,31.5,76,1000.9
394,阿公店,2024-09-29 17:00:00,-99,293,2.8,29.7,78,996.1
395,大社,2024-09-29 17:00:00,陰,301,1.5,29.9,76,1001.8
396,橋頭,2024-09-29 17:00:00,-99,268,1.5,31.0,78,1000.3
397,阿公店,2024-09-29 18:00:00,-99,245,0.4,29.4,80,996.8
398,大社,2024-09-29 18:00:00,陰,282,0.8,29.5,80,1002.7
399,橋頭,2024-09-29 18:00:00,-99,241,1.2,30.7,79,1001.1
400,阿公店,2024-09-29 19:00:00,-99,295,1.6,28.9,83,997.1
401,大社,2024-09-29 19:00:00,陰,305,1.1,29.1,88,1002.8
402,橋頭,2024-09-29 19:00:00,-99,288,1.0,30.5,80,1001.3
403,阿公店,2024-09-29 20:00:00,-99,0,0.0,29.3,79,997.3
404,大社,2024-09-29 20:00:00,陰,332,0.9,29.0,82,1003.1
405,橋頭,2024-09-29 20:00:00,-99,314,0.8,30.5,78,1001.5
406,阿公店,2024-09-29 21:00:00,-99,57,0.8,28.2,88,997.2
407,大社,2024-09-29 21:00:00,-99,26,1.6,28.9,85,1002.9
408,橋頭,2024-09-29 21:00:00,-99,0,0.0,30.4,79,1001.2
409,阿公店,2024-09-29 22:00:00,-99,0,0.1,27.8,91,997.1
410,大社,2024-09-29 22:00:00,陰,2,0.9,28.4,100,1002.8
411,橋頭,2024-09-29 22:00:00,-99,49,0.6,30.1,86,1001.2
412,阿公店,2024-09-29 23:00:00,-99,51,0.7,27.7,90,997.3
413,大社,2024-09-29 23:00:00,陰,314,0.7,28.6,98,1002.9
414,橋頭,2024-09-29 23:00:00,-99,0,0.1,30.0,86,1001.4
415,阿公店,2024-09-30 00:00:00,-99,50,1.7,27.6,89,996.4
416,大社,2024-09-30 00:00:00,-99,1,0.9,28.0,100,1002.1
417,橋頭,2024-09-30 00:00:00,-99,350,0.6,29.8,87,1000.4
418,阿公店,2024-09-30 01:00:00,-99,71,2.9,27.1,90,995.7
419,大社,2024-09-30 01:00:00,陰,55,1.2,27.7,100,1001.4
420,橋頭,2024-09-30 01:00:00,-99,100,0.4,29.3,88,999.7
421,阿公店,2024-09-30 02:00:00,-99,50,2.3,27.0,90,995.3
422,大社,2024-09-30 02:00:00,陰,16,1.3,27.8,100,1001.0
423,橋頭,2024-09-30 02:00:00,-99,76,0.3,29.0,89,999.4
424,阿公店,2024-09-30 03:00:00,-99,0,0.0,27.3,90,994.4
425,大社,2024-09-30 03:00:00,陰,0,0.2,27.6,100,1000.1
426,橋頭,2024-09-30 03:00:00,-99,0,0.0,29.3,87,998.5
427,阿公店,2024-09-30 04:00:00,-99,49,1.4,26.8,92,993.9
428,大社,2024-09-30 04:00:00,陰,88,0.7,27.6,100,999.7
429,橋頭,2024-09-30 04:00:00,-99,81,0.6,28.8,90,998.0
430,阿公店,2024-09-30 05:00:00,-99,0,0.0,26.7,92,993.6
431,大社,2024-09-30 05:00:00,陰,23,1.2,27.2,100,999.2
432,橋頭,2024-09-30 05:00:00,-99,73,0.6,28.5,91,997.7
433,阿公店,2024-09-30 06:00:00,-99,85,1.5,26.2,91,994.0
434,大社,2024-09-30 06:00:00,-99,31,1.5,26.9,100,999.5
435,橋頭,2024-09-30 06:00:00,-99,86,0.7,28.7,91,998.1
436,阿公店,2024-09-30 07:00:00,-99,99,0.5,26.8,92,993.7
437,大社,2024-09-30 07:00:00,陰,27,1.2,27.5,100,999.4
438,橋頭,2024-09-30 07:00:00,-99,0,0.0,29.5,88,997.8
439,阿公店,2024-09-30 08:00:00,-99,48,1.0,27.1,91,993.7
440,大社,2024-09-30 08:00:00,陰,289,0.6,27.9,100,999.5
441,橋頭,2024-09-30 08:00:00,-99,283,0.5,29.6,87,997.9
442,阿公店,2024-09-30 09:00:00,-99,0,0.2,27.8,88,993.6
443,大社,2024-09-30 09:00:00,陰,0,0.2,28.5,99,999.3
444,橋頭,2024-09-30 09:00:00,-99,136,0.5,29.8,87,997.7
445,阿公店,2024-09-30 10:00:00,-99,0,0.0,28.8,86,993.3
446,大社,2024-09-30 10:00:00,陰,153,2.2,28.3,100,999.1
447,橋頭,2024-09-30 10:00:00,-99,198,0.9,31.4,76,997.4
448,阿公店,2024-09-30 11:00:00,-99,78,2.0,29.0,80,993.5
449,大社,2024-09-30 11:00:00,陰,151,1.6,29.7,91,999.1
450,橋頭,2024-09-30 11:00:00,-99,252,2.3,31.1,78,997.6
451,阿公店,2024-09-30 12:00:00,-99,116,2.0,29.5,80,993.4
452,大社,2024-09-30 12:00:00,-99,86,1.3,29.6,96,999.1
453,橋頭,2024-09-30 12:00:00,-99,234,1.3,31.3,76,997.5
454,阿公店,2024-09-30 13:00:00,-99,93,2.6,28.5,87,991.7
455,大社,2024-09-30 13:00:00,陰,44,1.5,28.8,100,997.3
456,橋頭,2024-09-30 13:00:00,-99,97,1.0,31.0,84,995.7
457,阿公店,2024-09-30 14:00:00,-99,129,1.5,28.3,85,991.2
458,大社,2024-09-30 14:00:00,陰,111,0.5,28.6,100,996.9
459,橋頭,2024-09-30 14:00:00,-99,132,0.8,30.6,86,995.4
460,阿公店,2024-09-30 15:00:00,-99,98,2.5,28.1,88,991.0
461,大社,2024-09-30 15:00:00,-99,150,2.5,28.4,100,996.8
462,橋頭,2024-09-30 15:00:00,-99,206,0.6,30.7,83,995.1
463,阿公店,2024-09-30 16:00:00,-99,171,2.1,28.0,87,990.8
464,大社,2024-09-30 16:00:00,陰,144,1.1,28.3,100,996.6
465,橋頭,2024-09-30 16:00:00,-99,152,1.4,30.4,86,995.0
466,阿公店,2024-09-30 17:00:00,-99,115,2.4,28.0,87,991.6
467,大社,2024-09-30 17:00:00,陰,53,2.2,28.5,100,997.0
468,橋頭,2024-09-30 17:00:00,-99,88,1.3,30.4,84,995.6
469,阿公店,2024-09-30 18:00:00,-99,88,0.4,27.8,92,991.8
470,大社,2024-09-30 18:00:00,陰有雨,7,1.1,27.6,100,997.5
471,橋頭,2024-09-30 18:00:00,-99,57,0.8,29.4,90,996.0
472,阿公店,2024-09-30 19:00:00,-99,102,0.5,27.1,92,992.1
473,大社,2024-09-30 19:00:00,陰,150,0.5,27.3,100,997.8
474,橋頭,2024-09-30 19:00:00,-99,120,0.9,29.0,94,996.3
475,阿公店,2024-09-30 20:00:00,-99,133,1.9,27.2,92,992.4
476,大社,2024-09-30 20:00:00,陰,142,1.1,27.5,100,998.2
477,橋頭,2024-09-30 20:00:00,-99,0,0.2,29.2,92,996.5
478,阿公店,2024-09-30 21:00:00,-99,0,0.1,27.2,93,992.7
479,大社,2024-09-30 21:00:00,-99,148,2.4,27.4,100,998.5
480,橋頭,2024-09-30 21:00:00,-99,205,0.6,29.3,93,996.8
481,阿公店,2024-09-30 22:00:00,-99,64,1.1,26.8,92,993.3
482,大社,2024-09-30 22:00:00,陰,65,0.9,26.8,100,998.8
483,橋頭,2024-09-30 22:00:00,-99,0,0.2,28.9,93,997.3
484,阿公店,2024-09-30 23:00:00,-99,0,0.1,26.7,93,993.5
485,大社,2024-09-30 23:00:00,陰,0,0.0,27.2,100,999.3
486,橋頭,2024-09-30 23:00:00,-99,143,0.4,28.9,94,997.7
487,阿公店,2024-10-01 00:00:00,-99,0,0.0,26.8,93,993.1
488,大社,2024-10-01 00:00:00,陰,24,1.8,27.1,100,998.8
489,橋頭,2024-10-01 00:00:00,-99,46,0.7,28.4,94,997.2
490,阿公店,2024-10-01 01:00:00,-99,194,0.7,26.8,91,993.0
491,大社,2024-10-01 01:00:00,陰,151,1.1,26.6,100,998.7
492,橋頭,2024-10-01 01:00:00,-99,165,0.4,29.1,92,997.1
493,阿公店,2024-10-01 02:00:00,-99,160,1.3,26.5,93,992.7
494,大社,2024-10-01 02:00:00,陰,138,0.3,26.3,100,998.5
495,橋頭,2024-10-01 02:00:00,-99,117,1.1,27.8,95,996.9
496,阿公店,2024-10-01 03:00:00,-99,49,2.9,26.2,90,991.8
497,大社,2024-10-01 03:00:00,陰,46,1.2,25.6,100,997.4
498,橋頭,2024-10-01 03:00:00,陰,41,1.7,27.2,95,995.7
499,阿公店,2024-10-01 04:00:00,-99,0,0.2,25.9,91,991.9
500,大社,2024-10-01 04:00:00,陰,190,0.3,25.9,100,997.7
501,橋頭,2024-10-01 04:00:00,-99,100,0.7,27.7,93,995.9
502,阿公店,2024-10-01 05:00:00,-99,103,1.6,26.2,89,991.8
503,大社,2024-10-01 05:00:00,陰,157,0.8,26.3,100,997.7
504,橋頭,2024-10-01 05:00:00,-99,125,1.0,27.7,90,995.8
505,阿公店,2024-10-01 06:00:00,-99,233,2.1,25.7,91,992.7
506,大社,2024-10-01 06:00:00,陰,156,1.3,26.0,100,998.6
507,橋頭,2024-10-01 06:00:00,-99,211,0.8,28.0,91,996.8
508,阿公店,2024-10-01 07:00:00,-99,13,2.6,26.7,86,993.6
509,大社,2024-10-01 07:00:00,陰,154,0.9,26.6,99,999.4
510,橋頭,2024-10-01 07:00:00,-99,0,0.2,28.0,92,997.7
511,阿公店,2024-10-01 08:00:00,-99,68,1.8,26.4,89,994.4
512,大社,2024-10-01 08:00:00,陰,4,1.2,27.0,100,1000.2
513,橋頭,2024-10-01 08:00:00,-99,60,0.4,28.8,88,998.5
514,阿公店,2024-10-01 09:00:00,-99,106,0.7,27.2,85,995.3
515,大社,2024-10-01 09:00:00,陰,149,1.6,27.5,100,1001.1
516,橋頭,2024-10-01 09:00:00,-99,180,1.6,29.6,79,999.3
517,阿公店,2024-10-01 10:00:00,-99,169,3.2,26.6,81,996.3
518,大社,2024-10-01 10:00:00,陰,152,3.0,26.6,99,1002.1
519,橋頭,2024-10-01 10:00:00,-99,153,2.1,28.1,80,1000.4
520,阿公店,2024-10-01 10:00:00,陰,169,3.2,26.6,81,996.3
521,大社,2024-10-01 10:00:00,陰,152,3.0,26.6,99,1002.1
522,橋頭,2024-10-01 10:00:00,陰,153,2.1,28.1,80,1000.4
523,阿公店,2024-10-01 12:00:00,-99,174,1.9,27.2,80,995.6
524,大社,2024-10-01 12:00:00,陰,168,1.6,27.3,97,1001.5
525,橋頭,2024-10-01 12:00:00,-99,179,1.5,28.9,80,999.8
526,阿公店,2024-10-01 13:00:00,-99,213,2.0,28.3,75,994.6
527,大社,2024-10-01 13:00:00,陰,148,1.4,28.8,76,1000.1
528,橋頭,2024-10-01 13:00:00,-99,147,1.5,30.3,72,998.6
529,阿公店,2024-10-01 13:00:00,陰,213,2.0,28.3,75,994.6
530,大社,2024-10-01 13:00:00,陰,148,1.4,28.8,76,1000.1
531,橋頭,2024-10-01 13:00:00,陰,147,1.5,30.3,72,998.6
532,阿公店,2024-10-01 14:00:00,陰,138,1.1,28.2,78,993.9
533,大社,2024-10-01 14:00:00,陰,151,2.1,28.5,70,999.7
534,橋頭,2024-10-01 14:00:00,陰,108,1.3,30.1,74,998.1
535,阿公店,2024-10-01 15:00:00,陰,40,2.4,27.9,84,993.0
536,大社,2024-10-01 15:00:00,陰,46,1.2,28.5,71,998.7
537,橋頭,2024-10-01 15:00:00,陰,56,1.2,30.0,75,997.1
538,阿公店,2024-10-01 16:00:00,陰,59,1.9,27.8,86,993.3
539,大社,2024-10-01 16:00:00,陰,30,1.6,28.3,80,998.9
540,橋頭,2024-10-01 16:00:00,陰,46,1.1,29.9,77,997.2
541,阿公店,2024-10-01 17:00:00,陰,156,1.5,27.3,92,994.0
542,大社,2024-10-01 17:00:00,陰,181,1.1,28.1,92,999.9
543,橋頭,2024-10-01 17:00:00,陰,0,0.0,29.8,81,998.1
544,阿公店,2024-10-01 18:00:00,陰,235,2.2,27.3,90,994.9
545,大社,2024-10-01 18:00:00,陰有雨,181,2.6,26.9,88,1001.2
546,橋頭,2024-10-01 18:00:00,陰,205,2.5,28.2,86,999.4
547,阿公店,2024-10-01 19:00:00,陰有雨,93,1.6,25.8,92,994.6
548,大社,2024-10-01 19:00:00,陰有雨,90,1.0,25.3,100,1000.5
549,橋頭,2024-10-01 19:00:00,陰有雨,105,1.1,26.8,93,998.6
550,阿公店,2024-10-01 20:00:00,陰有雨,206,2.2,24.6,92,996.6
551,大社,2024-10-01 20:00:00,陰有雨,98,0.6,24.5,100,1002.2
552,橋頭,2024-10-01 20:00:00,陰有雨,0,0.0,26.4,93,1000.7
553,阿公店,2024-10-01 21:00:00,陰有雨,175,0.4,25.1,90,997.1
554,大社,2024-10-01 21:00:00,陰有雨,35,2.0,24.8,100,1002.5
555,橋頭,2024-10-01 21:00:00,陰有雨,72,1.1,26.7,91,1001.0
556,阿公店,2024-10-01 22:00:00,陰,49,4.1,25.4,91,996.7
557,大社,2024-10-01 22:00:00,陰有雨,39,0.6,25.2,100,1002.2
558,橋頭,2024-10-01 22:00:00,陰有雨,63,1.2,26.6,91,1000.5
559,阿公店,2024-10-01 23:00:00,陰有雨,141,2.4,25.8,91,996.2
560,大社,2024-10-01 23:00:00,陰有雨,146,1.6,25.6,100,1002.6
561,橋頭,2024-10-01 23:00:00,陰有雨,118,1.7,27.2,91,1000.7
562,阿公店,2024-10-02 00:00:00,陰有雨,26,1.4,25.3,91,996.7
563,大社,2024-10-02 00:00:00,陰有雨,30,0.3,24.2,100,1002.4
564,橋頭,2024-10-02 00:00:00,陰有雨,56,0.5,26.1,95,1000.8
565,阿公店,2024-10-02 01:00:00,陰有雨,38,3.0,24.1,93,996.3
566,大社,2024-10-02 01:00:00,陰有雨,19,1.8,24.0,100,1001.7
567,橋頭,2024-10-02 01:00:00,陰有雨,69,1.4,26.3,90,1000.1
568,阿公店,2024-10-02 02:00:00,陰有雨,105,0.6,24.1,93,995.2
569,大社,2024-10-02 02:00:00,陰有雨,155,1.0,23.8,100,1001.1
570,橋頭,2024-10-02 02:00:00,陰有雨,76,0.7,25.2,90,999.2
571,阿公店,2024-10-02 03:00:00,陰有雨,46,2.6,24.6,93,994.8
572,大社,2024-10-02 03:00:00,陰有雨,29,1.7,24.3,100,1000.2
573,橋頭,2024-10-02 03:00:00,陰有雨,70,1.5,25.5,94,998.7
574,阿公店,2024-10-02 04:00:00,陰有雨,88,2.3,24.0,91,994.5
575,大社,2024-10-02 04:00:00,陰有雨,48,2.6,24.0,100,1000.4
576,橋頭,2024-10-02 04:00:00,陰有雨,66,1.4,25.5,92,998.5
577,阿公店,2024-10-02 05:00:00,陰有雨,45,3.3,23.9,91,993.9
578,大社,2024-10-02 05:00:00,陰有雨,8,2.5,23.7,100,999.6
579,橋頭,2024-10-02 05:00:00,陰有雨,40,1.6,25.3,92,997.9
580,阿公店,2024-10-02 06:00:00,陰有雨,47,4.2,23.9,91,994.7
581,大社,2024-10-02 06:00:00,陰有雨,5,2.1,23.4,100,1000.2
582,橋頭,2024-10-02 06:00:00,陰有雨,30,1.8,25.1,93,998.6
583,阿公店,2024-10-02 07:00:00,陰有雨,54,3.9,23.8,92,995.2
584,大社,2024-10-02 07:00:00,陰有雨,49,1.7,23.6,100,1000.8
585,橋頭,2024-10-02 07:00:00,陰有雨,52,2.4,25.0,93,999.0
586,阿公店,2024-10-02 08:00:00,陰有雨,77,2.8,24.0,90,995.7
587,大社,2024-10-02 08:00:00,陰有雨,33,2.3,24.0,100,1001.5
588,橋頭,2024-10-02 08:00:00,陰有雨,72,1.1,25.4,91,999.9
589,阿公店,2024-10-02 09:00:00,陰有雨,106,1.4,24.3,91,996.7
590,大社,2024-10-02 09:00:00,陰有雨,23,1.3,24.6,100,1002.4
591,橋頭,2024-10-02 09:00:00,陰有雨,93,0.6,25.7,91,1000.6
592,阿公店,2024-10-02 10:00:00,陰有雨,55,4.4,24.4,92,996.4
593,大社,2024-10-02 10:00:00,陰有雨,21,1.7,24.8,100,1002.0
594,橋頭,2024-10-02 10:00:00,陰有雨,67,1.3,26.0,92,1000.4
595,阿公店,2024-10-02 11:00:00,陰有雨,41,4.2,25.0,91,996.1
596,大社,2024-10-02 11:00:00,陰有雨,48,1.5,24.8,100,1001.9
597,橋頭,2024-10-02 11:00:00,陰有雨,-99,-99.0,-99.0,-99,-99.0
598,阿公店,2024-10-02 12:00:00,陰有雨,46,5.1,24.5,91,995.5
599,大社,2024-10-02 12:00:00,陰有雨,33,2.3,24.5,100,1000.9
600,橋頭,2024-10-02 12:00:00,陰有雨,52,2.3,25.8,92,999.2
601,阿公店,2024-10-02 13:00:00,陰有雨,58,2.7,24.9,92,994.6
602,大社,2024-10-02 13:00:00,陰有雨,33,1.7,24.8,100,1000.2
603,橋頭,2024-10-02 13:00:00,陰有雨,52,2.5,26.0,92,998.3
604,阿公店,2024-10-02 14:00:00,陰有雨,59,4.1,25.2,91,992.7
605,大社,2024-10-02 14:00:00,陰有雨,34,2.8,24.9,100,998.0
606,橋頭,2024-10-02 14:00:00,陰有雨,52,2.6,26.1,92,996.3
607,阿公店,2024-10-02 15:00:00,陰有雨,56,3.9,25.7,90,991.9
608,大社,2024-10-02 15:00:00,陰有雨,76,1.1,25.9,100,997.9
609,橋頭,2024-10-02 15:00:00,陰有雨,82,1.7,26.7,91,996.1
610,阿公店,2024-10-02 16:00:00,-99,143,3.2,24.9,91,993.9
611,大社,2024-10-02 16:00:00,-99,149,6.1,24.9,100,999.0
612,橋頭,2024-10-02 16:00:00,-99,123,4.3,25.7,93,997.5
613,阿公店,2024-10-02 17:00:00,陰有雨,45,1.7,24.6,92,994.1
614,大社,2024-10-02 17:00:00,陰有雨,119,1.4,24.4,100,999.5
615,橋頭,2024-10-02 17:00:00,陰有雨,96,2.0,25.4,90,997.8
616,阿公店,2024-10-02 18:00:00,陰有雨,56,3.0,24.2,90,994.0
617,大社,2024-10-02 18:00:00,陰有雨,80,1.2,24.1,100,999.8
618,橋頭,2024-10-02 18:00:00,陰有雨,70,1.7,25.3,91,998.0
619,阿公店,2024-10-02 19:00:00,陰有雨,55,2.3,24.6,90,995.4
620,大社,2024-10-02 19:00:00,陰有雨,54,1.9,23.7,100,1001.0
621,橋頭,2024-10-02 19:00:00,陰有雨,55,1.8,25.1,93,999.1
622,阿公店,2024-10-02 20:00:00,陰有雨,33,2.8,24.6,90,995.9
623,大社,2024-10-02 20:00:00,陰有雨,100,1.4,24.5,100,1001.3
624,橋頭,2024-10-02 20:00:00,陰有雨,86,2.2,25.6,91,999.6
625,阿公店,2024-10-02 21:00:00,陰有雨,36,2.6,24.7,92,996.4
626,大社,2024-10-02 21:00:00,陰有雨,50,2.0,24.8,100,1002.0
627,橋頭,2024-10-02 21:00:00,陰有雨,60,2.8,25.7,91,1000.2
628,阿公店,2024-10-02 22:00:00,陰,60,4.2,24.5,91,996.9
629,大社,2024-10-02 22:00:00,陰有雨,82,1.3,25.0,100,1002.5
630,橋頭,2024-10-02 22:00:00,陰有雨,93,1.1,25.7,92,1000.7
631,阿公店,2024-10-02 23:00:00,陰有雨,140,3.5,24.5,90,997.6
632,大社,2024-10-02 23:00:00,陰有雨,107,2.8,24.8,100,1002.5
633,橋頭,2024-10-02 23:00:00,陰有雨,103,2.4,25.8,92,1000.9
634,阿公店,2024-10-03 00:00:00,陰,63,3.4,24.2,91,996.9
635,大社,2024-10-03 00:00:00,陰有雨,74,2.4,25.3,100,1002.0
636,橋頭,2024-10-03 00:00:00,陰有雨,63,2.4,25.9,93,1000.3
637,阿公店,2024-10-03 01:00:00,陰有雨,59,4.4,23.5,93,995.6
638,大社,2024-10-03 01:00:00,陰有雨,98,1.5,24.5,100,1001.3
639,橋頭,2024-10-03 01:00:00,陰有雨,83,1.3,25.1,92,999.4
640,阿公店,2024-10-03 02:00:00,陰有雨,49,4.0,23.8,91,995.3
641,大社,2024-10-03 02:00:00,陰有雨,83,2.7,24.5,100,1000.9
642,橋頭,2024-10-03 02:00:00,陰有雨,48,3.2,24.7,93,999.1
643,阿公店,2024-10-03 03:00:00,陰有雨,45,2.1,23.9,91,995.2
644,大社,2024-10-03 03:00:00,陰有雨,85,3.7,24.6,100,1000.2
645,橋頭,2024-10-03 03:00:00,陰有雨,82,2.9,25.1,94,998.4
646,阿公店,2024-10-03 04:00:00,陰有雨,53,4.5,23.8,91,994.9
647,大社,2024-10-03 04:00:00,陰有雨,104,3.2,24.5,100,999.9
648,橋頭,2024-10-03 04:00:00,陰有雨,94,3.9,25.3,92,998.1
649,阿公店,2024-10-03 05:00:00,陰有雨,53,0.8,23.5,91,995.0
650,大社,2024-10-03 05:00:00,陰有雨,-99,-99.0,-99.0,-99,-99.0
651,橋頭,2024-10-03 05:00:00,陰有雨,46,3.2,24.2,94,998.4
652,阿公店,2024-10-03 06:00:00,陰有雨,49,6.6,23.1,93,994.2
653,大社,2024-10-03 06:00:00,陰有雨,48,2.2,23.3,100,999.5
654,橋頭,2024-10-03 06:00:00,陰有雨,54,2.9,24.2,94,997.7
655,阿公店,2024-10-03 07:00:00,陰有雨,47,5.5,23.3,91,993.6
656,大社,2024-10-03 07:00:00,陰有雨,48,3.3,23.9,100,999.0
657,橋頭,2024-10-03 07:00:00,陰有雨,53,3.5,24.4,91,997.2
658,阿公店,2024-10-03 08:00:00,陰有雨,40,6.6,23.2,92,995.4
659,大社,2024-10-03 08:00:00,陰有雨,70,3.2,23.9,100,1000.4
660,橋頭,2024-10-03 08:00:00,陰有雨,60,3.9,24.2,93,998.7
661,阿公店,2024-10-03 09:00:00,陰有雨,46,6.4,23.0,93,995.0
662,大社,2024-10-03 09:00:00,陰有雨,51,3.7,23.1,100,1000.0
663,橋頭,2024-10-03 09:00:00,陰有雨,44,5.0,23.8,94,997.9
664,阿公店,2024-10-03 10:00:00,陰有雨,56,5.9,23.1,92,995.6
665,大社,2024-10-03 10:00:00,陰有雨,80,5.6,24.2,100,1000.3
666,橋頭,2024-10-03 10:00:00,陰有雨,-99,-99.0,-99.0,-99,-99.0
667,阿公店,2024-10-03 11:00:00,陰有雨,37,8.8,23.0,93,994.7
668,大社,2024-10-03 11:00:00,陰有雨,53,4.6,23.3,100,999.5
669,橋頭,2024-10-03 11:00:00,陰有雨,40,6.7,24.1,93,997.7
670,阿公店,2024-10-03 12:00:00,陰有雨,48,10.0,23.4,92,993.1
671,大社,2024-10-03 12:00:00,陰有雷雨,40,5.5,23.1,100,997.6
672,橋頭,2024-10-03 12:00:00,陰有雨,40,7.1,24.3,93,995.8
673,阿公店,2024-10-03 13:00:00,陰有雷雨,45,11.8,23.4,94,991.7
674,大社,2024-10-03 13:00:00,陰有雷雨,45,8.3,22.8,100,995.0
675,橋頭,2024-10-03 13:00:00,陰有雷雨,33,8.5,24.1,97,993.5
676,阿公店,2024-10-03 14:00:00,陰有雷雨,35,13.6,23.4,95,989.7
677,大社,2024-10-03 14:00:00,陰有雷雨,354,7.4,22.9,100,992.0
678,橋頭,2024-10-03 14:00:00,陰有雨,-99,-99.0,-99.0,-99,-99.0
679,阿公店,2024-10-03 15:00:00,陰有雨,25,13.8,23.6,96,990.6
680,大社,2024-10-03 15:00:00,陰有雨,331,8.2,22.9,100,993.6
681,橋頭,2024-10-03 15:00:00,陰有雨,8,6.5,-99.0,-99,995.3
682,阿公店,2024-10-03 16:00:00,陰有雨,22,7.7,24.5,94,994.3
683,大社,2024-10-03 16:00:00,陰有雨,323,5.7,23.3,100,999.8
684,橋頭,2024-10-03 16:00:00,陰有雨,10,3.1,-99.0,-99,999.1
685,阿公店,2024-10-03 17:00:00,陰有雨,19,5.1,23.8,95,997.2
686,大社,2024-10-03 17:00:00,陰有雨,313,2.6,23.4,100,1003.3
687,橋頭,2024-10-03 17:00:00,陰有雨,340,2.2,-99.0,-99,1001.7
688,阿公店,2024-10-03 18:00:00,陰有雨,39,4.8,22.8,94,999.0
689,大社,2024-10-03 18:00:00,陰有雨,334,1.9,23.6,100,1005.1
690,橋頭,2024-10-03 18:00:00,陰有雨,348,1.1,-99.0,-99,1003.2
691,阿公店,2024-10-03 19:00:00,-99,73,3.6,21.4,83,1000.0
692,大社,2024-10-03 19:00:00,-99,3,1.0,23.0,100,1006.0
693,橋頭,2024-10-03 19:00:00,-99,44,0.6,-99.0,-99,1004.2
694,阿公店,2024-10-03 20:00:00,陰有雨,283,1.8,20.6,80,1000.8
695,大社,2024-10-03 20:00:00,陰有雨,313,1.0,23.7,100,1006.9
696,橋頭,2024-10-03 20:00:00,陰,235,1.3,-99.0,-99,1005.2
697,阿公店,2024-10-03 21:00:00,陰,229,0.5,21.0,82,1001.7
698,大社,2024-10-03 21:00:00,陰,290,0.6,23.9,100,1007.7
699,橋頭,2024-10-03 21:00:00,陰,207,0.9,-99.0,-99,1005.7
700,阿公店,2024-10-03 22:00:00,陰,0,0.0,20.2,79,1002.2
701,大社,2024-10-03 22:00:00,陰,0,0.1,23.7,100,1008.0
702,橋頭,2024-10-03 22:00:00,陰,0,0.0,-99.0,-99,1006.1
703,阿公店,2024-10-03 23:00:00,陰,0,0.0,20.6,80,1002.4
704,大社,2024-10-03 23:00:00,陰,147,0.8,23.4,100,1008.2
705,橋頭,2024-10-03 23:00:00,陰,110,0.7,-99.0,-99,1006.4
706,阿公店,2024-10-04 00:00:00,陰,0,0.0,21.0,82,1002.2
707,大社,2024-10-04 00:00:00,陰,0,0.0,23.3,100,1008.0
708,橋頭,2024-10-04 00:00:00,陰,0,0.1,-99.0,-99,1006.1
709,阿公店,2024-10-04 01:00:00,陰,0,0.0,20.6,80,1001.9
710,大社,2024-10-04 01:00:00,陰,0,0.2,23.3,100,1007.7
711,橋頭,2024-10-04 01:00:00,陰,0,0.0,-99.0,-99,1005.9
712,阿公店,2024-10-04 02:00:00,-99,43,0.7,21.0,82,1001.7
713,大社,2024-10-04 02:00:00,-99,138,0.7,24.1,100,1007.4
714,橋頭,2024-10-04 02:00:00,-99,42,1.1,-99.0,-99,1005.6
715,阿公店,2024-10-04 03:00:00,陰,51,2.2,21.4,83,1001.9
716,大社,2024-10-04 03:00:00,陰,313,0.4,24.0,100,1007.6
717,橋頭,2024-10-04 03:00:00,陰,44,0.9,-99.0,-99,1005.8
718,阿公店,2024-10-04 04:00:00,陰,69,2.3,20.2,79,1002.1
719,大社,2024-10-04 04:00:00,陰,0,0.1,24.0,100,1007.8
720,橋頭,2024-10-04 04:00:00,陰,29,1.8,-99.0,-99,1005.9
721,阿公店,2024-10-04 05:00:00,-99,76,1.4,20.6,80,1002.2
722,大社,2024-10-04 05:00:00,-99,349,1.1,23.5,100,1007.9
723,橋頭,2024-10-04 05:00:00,-99,31,1.5,-99.0,-99,1006.1
724,阿公店,2024-10-04 06:00:00,陰,55,2.4,21.0,82,1002.8
725,大社,2024-10-04 06:00:00,陰,353,1.1,23.3,100,1008.6
726,橋頭,2024-10-04 06:00:00,陰,-99,-99.0,-99.0,-99,-99.0
727,阿公店,2024-10-04 07:00:00,陰,43,2.4,21.0,82,1003.5
728,大社,2024-10-04 07:00:00,陰,348,1.4,23.6,100,1009.3
729,橋頭,2024-10-04 07:00:00,陰,18,2.0,-99.0,-99,1007.5
730,阿公店,2024-10-04 08:00:00,陰,45,1.7,20.2,79,1004.4
731,大社,2024-10-04 08:00:00,陰,341,1.3,24.5,100,1010.2
732,橋頭,2024-10-04 08:00:00,陰,17,1.1,-99.0,-99,1008.4
733,阿公店,2024-10-04 09:00:00,陰,49,1.8,20.6,80,1004.7
734,大社,2024-10-04 09:00:00,陰,343,1.0,25.7,100,1010.5
735,橋頭,2024-10-04 09:00:00,陰,29,1.9,-99.0,-99,1008.7
736,阿公店,2024-10-04 10:00:00,陰,62,2.4,20.6,80,1004.8
737,大社,2024-10-04 10:00:00,陰,13,1.8,27.2,100,1010.7
738,橋頭,2024-10-04 10:00:00,陰,49,0.7,-99.0,-99,1008.8
739,阿公店,2024-10-04 11:00:00,陰,359,3.1,21.0,82,1004.7
740,大社,2024-10-04 11:00:00,陰,348,1.0,29.1,92,1010.6
741,橋頭,2024-10-04 11:00:00,陰,337,1.6,-99.0,-99,1008.8
742,阿公店,2024-10-04 12:00:00,陰,2,3.0,21.4,83,1004.5
743,大社,2024-10-04 12:00:00,陰,330,1.3,29.8,75,1010.3
744,橋頭,2024-10-04 12:00:00,陰,4,1.1,-99.0,-99,1008.5
745,阿公店,2024-10-04 13:00:00,陰,-99,-99.0,-99.0,-99,-99.0
746,大社,2024-10-04 13:00:00,陰,315,0.9,30.1,69,1009.7
747,橋頭,2024-10-04 13:00:00,陰,320,1.7,-99.0,-99,1008.0
748,阿公店,2024-10-04 14:00:00,陰,-99,-99.0,-99.0,-99,-99.0
749,大社,2024-10-04 14:00:00,陰,288,1.9,30.3,71,1009.3
750,橋頭,2024-10-04 14:00:00,陰,298,1.9,-99.0,-99,1007.7
751,阿公店,2024-10-04 15:00:00,陰,-99,-99.0,-99.0,-99,-99.0
752,大社,2024-10-04 15:00:00,陰,298,2.0,29.1,75,1009.1
753,橋頭,2024-10-04 15:00:00,陰,299,2.4,-99.0,-99,1007.4
754,阿公店,2024-10-04 16:00:00,陰,-99,-99.0,-99.0,-99,-99.0
755,大社,2024-10-04 16:00:00,陰,284,1.3,28.8,77,1009.1
756,橋頭,2024-10-04 16:00:00,陰,271,1.6,-99.0,-99,1007.4
757,阿公店,2024-10-04 17:00:00,陰,-99,-99.0,-99.0,-99,-99.0
758,大社,2024-10-04 17:00:00,陰,349,1.3,28.4,82,1009.2
759,橋頭,2024-10-04 17:00:00,陰,6,1.8,-99.0,-99,1007.5
760,阿公店,2024-10-04 18:00:00,陰,-99,-99.0,-99.0,-99,-99.0
761,大社,2024-10-04 18:00:00,陰,352,1.9,27.1,99,1009.6
762,橋頭,2024-10-04 18:00:00,陰,9,1.7,-99.0,-99,1007.9
763,阿公店,2024-10-04 19:00:00,陰,-99,-99.0,-99.0,-99,-99.0
764,大社,2024-10-04 19:00:00,陰,9,1.0,26.4,100,1010.1
765,橋頭,2024-10-04 19:00:00,陰,34,1.5,-99.0,-99,1008.4
766,阿公店,2024-10-04 20:00:00,-99,-99,-99.0,-99.0,-99,-99.0
767,大社,2024-10-04 20:00:00,-99,359,0.7,26.1,100,1010.7
768,橋頭,2024-10-04 20:00:00,-99,21,1.4,-99.0,-99,1009.0
769,阿公店,2024-10-04 21:00:00,陰,-99,-99.0,-99.0,-99,-99.0
770,大社,2024-10-04 21:00:00,陰,352,0.9,25.8,100,1011.4
771,橋頭,2024-10-04 21:00:00,陰,29,1.4,-99.0,-99,1009.6
772,阿公店,2024-10-04 22:00:00,陰,-99,-99.0,-99.0,-99,-99.0
773,大社,2024-10-04 22:00:00,陰,14,0.7,25.6,100,1011.6
774,橋頭,2024-10-04 22:00:00,陰,21,1.4,-99.0,-99,1009.8
775,阿公店,2024-10-04 23:00:00,陰,-99,-99.0,-99.0,-99,-99.0
776,大社,2024-10-04 23:00:00,陰,353,0.5,25.1,100,1011.5
777,橋頭,2024-10-04 23:00:00,陰,26,1.4,-99.0,-99,1009.8
778,阿公店,2024-10-05 00:00:00,陰,-99,-99.0,-99.0,-99,-99.0
779,大社,2024-10-05 00:00:00,陰,334,0.9,24.7,100,1011.2
780,橋頭,2024-10-05 00:00:00,陰,31,1.2,-99.0,-99,1009.5
781,阿公店,2024-10-05 01:00:00,陰,-99,-99.0,-99.0,-99,-99.0
782,大社,2024-10-05 01:00:00,陰,8,1.8,24.3,100,1011.1
783,橋頭,2024-10-05 01:00:00,陰,29,1.7,-99.0,-99,1009.3
784,阿公店,2024-10-05 02:00:00,陰,-99,-99.0,-99.0,-99,-99.0
785,大社,2024-10-05 02:00:00,陰,333,0.6,24.0,100,1010.4
786,橋頭,2024-10-05 02:00:00,陰,36,0.8,-99.0,-99,1008.6
787,阿公店,2024-10-05 03:00:00,陰,-99,-99.0,-99.0,-99,-99.0
788,大社,2024-10-05 03:00:00,陰,335,0.6,24.0,100,1010.1
789,橋頭,2024-10-05 03:00:00,陰,22,1.2,-99.0,-99,1008.3
790,阿公店,2024-10-05 04:00:00,陰,-99,-99.0,-99.0,-99,-99.0
791,大社,2024-10-05 04:00:00,陰,336,0.7,24.0,100,1010.0
792,橋頭,2024-10-05 04:00:00,陰,30,1.5,-99.0,-99,1008.2
793,阿公店,2024-10-05 05:00:00,陰,-99,-99.0,-99.0,-99,-99.0
794,大社,2024-10-05 05:00:00,陰,338,0.8,23.9,100,1010.3
795,橋頭,2024-10-05 05:00:00,陰,32,1.6,-99.0,-99,1008.4
796,阿公店,2024-10-05 06:00:00,陰,-99,-99.0,-99.0,-99,-99.0
797,大社,2024-10-05 06:00:00,陰,338,0.6,23.9,100,1010.8
798,橋頭,2024-10-05 06:00:00,陰,14,0.9,-99.0,-99,1009.1
799,阿公店,2024-10-05 07:00:00,陰,-99,-99.0,-99.0,-99,-99.0
800,大社,2024-10-05 07:00:00,陰,343,1.2,24.2,100,1011.4
801,橋頭,2024-10-05 07:00:00,陰,24,1.8,-99.0,-99,1009.6
802,阿公店,2024-10-05 08:00:00,晴,-99,-99.0,-99.0,-99,-99.0
803,大社,2024-10-05 08:00:00,晴,7,0.7,25.1,100,1012.1
804,橋頭,2024-10-05 08:00:00,晴,32,1.8,-99.0,-99,1010.3
805,阿公店,2024-10-05 09:00:00,多雲,-99,-99.0,-99.0,-99,-99.0
806,大社,2024-10-05 09:00:00,陰,4,1.4,26.0,100,1012.2
807,橋頭,2024-10-05 09:00:00,陰,39,1.5,-99.0,-99,1010.3
808,阿公店,2024-10-05 10:00:00,多雲,-99,-99.0,-99.0,-99,-99.0
809,大社,2024-10-05 10:00:00,多雲,320,0.9,29.0,99,1011.9
810,橋頭,2024-10-05 10:00:00,多雲,42,1.4,-99.0,-99,1010.1
811,阿公店,2024-10-05 11:00:00,晴,-99,-99.0,-99.0,-99,-99.0
812,大社,2024-10-05 11:00:00,多雲,343,1.6,30.3,79,1011.6
813,橋頭,2024-10-05 11:00:00,多雲,359,1.4,-99.0,-99,1009.8
814,阿公店,2024-10-05 12:00:00,多雲,-99,-99.0,-99.0,-99,-99.0
815,大社,2024-10-05 12:00:00,多雲,358,2.0,31.2,68,1010.8
816,橋頭,2024-10-05 12:00:00,陰,16,2.0,-99.0,-99,1009.0
817,阿公店,2024-10-05 13:00:00,多雲,-99,-99.0,-99.0,-99,-99.0
818,大社,2024-10-05 13:00:00,多雲,346,2.0,31.6,66,1010.0
819,橋頭,2024-10-05 13:00:00,多雲,12,1.6,-99.0,-99,1008.2
820,阿公店,2024-10-05 14:00:00,晴,-99,-99.0,-99.0,-99,-99.0
821,大社,2024-10-05 14:00:00,多雲,349,3.1,31.8,64,1009.5
822,橋頭,2024-10-05 14:00:00,晴,5,2.0,-99.0,-99,1007.7
823,阿公店,2024-10-05 15:00:00,多雲,-99,-99.0,-99.0,-99,-99.0
824,大社,2024-10-05 15:00:00,多雲,344,2.3,32.0,63,1009.2
825,橋頭,2024-10-05 15:00:00,多雲,319,2.4,-99.0,-99,1007.5
826,阿公店,2024-10-05 16:00:00,陰,-99,-99.0,-99.0,-99,-99.0
827,大社,2024-10-05 16:00:00,陰,6,2.1,31.5,66,1009.4
828,橋頭,2024-10-05 16:00:00,陰,344,1.1,-99.0,-99,1007.6
829,阿公店,2024-10-05 17:00:00,陰,-99,-99.0,-99.0,-99,-99.0
830,大社,2024-10-05 17:00:00,陰,122,1.3,28.4,100,1009.9
831,橋頭,2024-10-05 17:00:00,陰,97,0.7,-99.0,-99,1008.2
832,阿公店,2024-10-05 18:00:00,陰,-99,-99.0,-99.0,-99,-99.0
833,大社,2024-10-05 18:00:00,陰,148,1.1,27.9,100,1010.3
834,橋頭,2024-10-05 18:00:00,陰,154,0.3,-99.0,-99,1008.6
835,阿公店,2024-10-05 19:00:00,多雲,-99,-99.0,-99.0,-99,-99.0
836,大社,2024-10-05 19:00:00,多雲,144,1.8,27.7,100,1010.7
837,橋頭,2024-10-05 19:00:00,陰,0,0.2,-99.0,-99,1008.9
838,阿公店,2024-10-05 20:00:00,多雲,-99,-99.0,-99.0,-99,-99.0
839,大社,2024-10-05 20:00:00,多雲,62,1.3,27.5,100,1011.3
840,橋頭,2024-10-05 20:00:00,多雲,77,0.7,-99.0,-99,1009.5
841,阿公店,2024-10-05 21:00:00,多雲,-99,-99.0,-99.0,-99,-99.0
842,大社,2024-10-05 21:00:00,多雲,46,0.6,27.0,100,1012.1
843,橋頭,2024-10-05 21:00:00,多雲,0,0.1,-99.0,-99,1010.3
844,阿公店,2024-10-05 22:00:00,多雲,-99,-99.0,-99.0,-99,-99.0
845,大社,2024-10-05 22:00:00,多雲,33,1.0,27.1,100,1012.3
846,橋頭,2024-10-05 22:00:00,多雲,0,0.2,-99.0,-99,1010.6
847,阿公店,2024-10-05 23:00:00,多雲,-99,-99.0,-99.0,-99,-99.0
848,大社,2024-10-05 23:00:00,多雲,350,0.8,26.4,100,1012.4
849,橋頭,2024-10-05 23:00:00,多雲,25,1.1,-99.0,-99,1010.7
850,阿公店,2024-10-06 00:00:00,多雲,-99,-99.0,-99.0,-99,-99.0
851,大社,2024-10-06 00:00:00,多雲,18,0.7,26.2,100,1012.4
852,橋頭,2024-10-06 00:00:00,多雲,0,0.2,-99.0,-99,1010.7
853,阿公店,2024-10-06 01:00:00,多雲,-99,-99.0,-99.0,-99,-99.0
854,大社,2024-10-06 01:00:00,多雲,23,0.6,25.8,100,1011.8
855,橋頭,2024-10-06 01:00:00,多雲,44,0.5,-99.0,-99,1010.0
856,阿公店,2024-10-06 02:00:00,多雲,-99,-99.0,-99.0,-99,-99.0
857,大社,2024-10-06 02:00:00,多雲,52,0.4,25.7,100,1011.3
858,橋頭,2024-10-06 02:00:00,多雲,45,0.3,-99.0,-99,1009.5
859,阿公店,2024-10-06 03:00:00,多雲,-99,-99.0,-99.0,-99,-99.0
860,大社,2024-10-06 03:00:00,多雲,356,0.8,25.4,100,1011.1
861,橋頭,2024-10-06 03:00:00,多雲,46,0.4,-99.0,-99,1009.3
862,阿公店,2024-10-06 04:00:00,多雲,-99,-99.0,-99.0,-99,-99.0
863,大社,2024-10-06 04:00:00,多雲,355,0.4,24.9,100,1010.7
864,橋頭,2024-10-06 04:00:00,多雲,42,0.8,-99.0,-99,1008.8
865,阿公店,2024-10-06 05:00:00,多雲,-99,-99.0,-99.0,-99,-99.0
866,大社,2024-10-06 05:00:00,多雲,321,0.7,24.8,100,1011.1
867,橋頭,2024-10-06 05:00:00,多雲,25,0.6,-99.0,-99,1009.3
868,阿公店,2024-10-06 06:00:00,多雲,-99,-99.0,-99.0,-99,-99.0
869,大社,2024-10-06 06:00:00,多雲,355,0.6,24.9,100,1011.8
870,橋頭,2024-10-06 06:00:00,多雲,44,0.8,-99.0,-99,1009.9
871,阿公店,2024-10-06 07:00:00,晴,-99,-99.0,-99.0,-99,-99.0
872,大社,2024-10-06 07:00:00,晴,15,0.9,25.5,100,1012.4
873,橋頭,2024-10-06 07:00:00,晴,60,0.7,-99.0,-99,1010.5
874,阿公店,2024-10-06 08:00:00,晴,-99,-99.0,-99.0,-99,-99.0
875,大社,2024-10-06 08:00:00,晴,25,1.9,27.1,100,1012.9
876,橋頭,2024-10-06 08:00:00,晴,-99,-99.0,-99.0,-99,-99.0
877,阿公店,2024-10-06 09:00:00,晴,-99,-99.0,-99.0,-99,-99.0
878,大社,2024-10-06 09:00:00,晴,30,1.3,28.5,99,1013.1
879,橋頭,2024-10-06 09:00:00,晴,38,1.7,-99.0,-99,1011.3
880,阿公店,2024-10-06 10:00:00,晴,-99,-99.0,-99.0,-99,-99.0
881,大社,2024-10-06 10:00:00,晴,343,1.1,29.8,79,1013.1
882,橋頭,2024-10-06 10:00:00,晴,27,1.0,-99.0,-99,1011.2
883,阿公店,2024-10-06 11:00:00,晴,-99,-99.0,-99.0,-99,-99.0
884,大社,2024-10-06 11:00:00,晴,3,1.2,31.0,66,1012.7
885,橋頭,2024-10-06 11:00:00,晴,306,1.2,-99.0,-99,1010.9
886,阿公店,2024-10-06 12:00:00,晴,-99,-99.0,-99.0,-99,-99.0
887,大社,2024-10-06 12:00:00,晴,272,1.1,32.0,66,1011.8
888,橋頭,2024-10-06 12:00:00,晴,297,1.7,-99.0,-99,1010.1
889,阿公店,2024-10-06 13:00:00,晴,-99,-99.0,-99.0,-99,-99.0
890,大社,2024-10-06 13:00:00,晴,286,2.1,31.7,69,1010.9
891,橋頭,2024-10-06 13:00:00,晴,322,1.7,-99.0,-99,1009.2
892,阿公店,2024-10-06 14:00:00,晴,-99,-99.0,-99.0,-99,-99.0
893,大社,2024-10-06 14:00:00,多雲,295,1.8,31.5,68,1010.2
894,橋頭,2024-10-06 14:00:00,多雲,278,2.1,-99.0,-99,1008.5
895,阿公店,2024-10-06 15:00:00,多雲,-99,-99.0,-99.0,-99,-99.0
896,大社,2024-10-06 15:00:00,多雲有雷,288,1.5,30.9,71,1010.0
897,橋頭,2024-10-06 15:00:00,多雲,305,1.5,-99.0,-99,1008.2
898,阿公店,2024-10-06 16:00:00,陰,-99,-99.0,-99.0,-99,-99.0
899,大社,2024-10-06 16:00:00,陰,293,2.2,29.0,82,1010.3
900,橋頭,2024-10-06 16:00:00,陰,297,1.4,-99.0,-99,1008.6
901,阿公店,2024-10-06 17:00:00,陰有雷,-99,-99.0,-99.0,-99,-99.0
902,大社,2024-10-06 17:00:00,陰,296,1.2,28.4,100,1010.9
903,橋頭,2024-10-06 17:00:00,陰,321,2.3,-99.0,-99,1009.2
904,阿公店,2024-10-06 18:00:00,陰,-99,-99.0,-99.0,-99,-99.0
905,大社,2024-10-06 18:00:00,陰有雨,103,1.3,26.7,100,1011.7
906,橋頭,2024-10-06 18:00:00,陰,11,1.0,-99.0,-99,1009.8
907,阿公店,2024-10-06 19:00:00,陰,-99,-99.0,-99.0,-99,-99.0
908,大社,2024-10-06 19:00:00,陰有雨,76,2.1,25.3,100,1011.8
909,橋頭,2024-10-06 19:00:00,陰有雨,119,2.0,-99.0,-99,1009.9
910,阿公店,2024-10-06 20:00:00,陰,-99,-99.0,-99.0,-99,-99.0
911,大社,2024-10-06 20:00:00,陰,87,1.1,25.6,100,1011.8
912,橋頭,2024-10-06 20:00:00,陰,89,0.6,-99.0,-99,1010.1
913,阿公店,2024-10-06 21:00:00,陰有雨,-99,-99.0,-99.0,-99,-99.0
914,大社,2024-10-06 21:00:00,陰,61,0.8,25.8,100,1012.3
915,橋頭,2024-10-06 21:00:00,陰,131,0.5,-99.0,-99,1010.6
916,阿公店,2024-10-06 22:00:00,陰,-99,-99.0,-99.0,-99,-99.0
917,大社,2024-10-06 22:00:00,陰,145,1.2,25.7,100,1012.6
918,橋頭,2024-10-06 22:00:00,陰,104,0.8,-99.0,-99,1010.8
919,阿公店,2024-10-06 23:00:00,陰,-99,-99.0,-99.0,-99,-99.0
920,大社,2024-10-06 23:00:00,陰,63,1.3,25.8,100,1012.3
921,橋頭,2024-10-06 23:00:00,陰,107,0.3,-99.0,-99,1010.5
922,阿公店,2024-10-07 00:00:00,多雲,-99,-99.0,-99.0,-99,-99.0
923,大社,2024-10-07 00:00:00,陰,0,0.2,25.5,100,1012.1
924,橋頭,2024-10-07 00:00:00,陰,0,0.0,-99.0,-99,1010.3
925,阿公店,2024-10-07 01:00:00,多雲,-99,-99.0,-99.0,-99,-99.0
926,大社,2024-10-07 01:00:00,多雲,22,1.0,25.1,100,1011.7
927,橋頭,2024-10-07 01:00:00,多雲,51,0.7,-99.0,-99,1009.9
928,阿公店,2024-10-07 02:00:00,多雲,-99,-99.0,-99.0,-99,-99.0
929,大社,2024-10-07 02:00:00,多雲,47,1.3,24.7,100,1011.6
930,橋頭,2024-10-07 02:00:00,多雲,66,0.7,-99.0,-99,1009.7
931,阿公店,2024-10-07 03:00:00,多雲,-99,-99.0,-99.0,-99,-99.0
932,大社,2024-10-07 03:00:00,多雲,61,0.8,24.4,100,1011.3
933,橋頭,2024-10-07 03:00:00,多雲,81,1.3,-99.0,-99,1009.4
934,阿公店,2024-10-07 04:00:00,多雲,-99,-99.0,-99.0,-99,-99.0
935,大社,2024-10-07 04:00:00,多雲,22,1.2,24.6,100,1011.1
936,橋頭,2024-10-07 04:00:00,多雲,54,0.7,-99.0,-99,1009.3
937,阿公店,2024-10-07 05:00:00,多雲,-99,-99.0,-99.0,-99,-99.0
938,大社,2024-10-07 05:00:00,多雲,41,0.9,24.6,100,1011.2
939,橋頭,2024-10-07 05:00:00,多雲,64,0.8,-99.0,-99,1009.4
940,阿公店,2024-10-07 06:00:00,多雲,-99,-99.0,-99.0,-99,-99.0
941,大社,2024-10-07 06:00:00,多雲,0,0.1,24.8,100,1012.0
942,橋頭,2024-10-07 06:00:00,多雲,89,0.4,-99.0,-99,1010.0
943,阿公店,2024-10-07 07:00:00,晴,-99,-99.0,-99.0,-99,-99.0
944,大社,2024-10-07 07:00:00,晴,34,0.5,26.5,100,1012.6
945,橋頭,2024-10-07 07:00:00,晴,96,0.7,-99.0,-99,1010.7
946,阿公店,2024-10-07 08:00:00,晴,-99,-99.0,-99.0,-99,-99.0
947,大社,2024-10-07 08:00:00,晴,78,0.4,27.4,100,1013.2
948,橋頭,2024-10-07 08:00:00,晴,107,0.8,-99.0,-99,1011.3
949,阿公店,2024-10-07 09:00:00,晴,-99,-99.0,-99.0,-99,-99.0
950,大社,2024-10-07 09:00:00,晴,0,0.2,29.4,87,1013.5
951,橋頭,2024-10-07 09:00:00,晴,181,0.3,-99.0,-99,1011.6
952,阿公店,2024-10-07 10:00:00,晴,-99,-99.0,-99.0,-99,-99.0
953,大社,2024-10-07 10:00:00,晴,289,0.8,31.0,63,1013.2
954,橋頭,2024-10-07 10:00:00,晴,278,1.1,-99.0,-99,1011.4
955,阿公店,2024-10-07 11:00:00,晴,-99,-99.0,-99.0,-99,-99.0
956,大社,2024-10-07 11:00:00,晴,252,1.2,31.3,59,1012.6
957,橋頭,2024-10-07 11:00:00,晴,250,2.3,-99.0,-99,1010.8
958,阿公店,2024-10-07 12:00:00,晴,-99,-99.0,-99.0,-99,-99.0
959,大社,2024-10-07 12:00:00,晴,287,1.1,31.3,60,1011.7
960,橋頭,2024-10-07 12:00:00,晴,266,2.1,-99.0,-99,1010.0
961,阿公店,2024-10-07 13:00:00,晴,-99,-99.0,-99.0,-99,-99.0
962,大社,2024-10-07 13:00:00,晴,295,1.6,32.1,59,1010.8
963,橋頭,2024-10-07 13:00:00,晴,267,2.1,-99.0,-99,1009.1
964,阿公店,2024-10-07 14:00:00,晴,-99,-99.0,-99.0,-99,-99.0
965,大社,2024-10-07 14:00:00,晴,258,1.6,31.8,62,1010.2
966,橋頭,2024-10-07 14:00:00,晴,239,2.4,-99.0,-99,1008.5
967,阿公店,2024-10-07 15:00:00,晴,-99,-99.0,-99.0,-99,-99.0
968,大社,2024-10-07 15:00:00,晴,247,2.2,30.9,65,1010.0
969,橋頭,2024-10-07 15:00:00,晴,254,2.1,-99.0,-99,1008.2
970,阿公店,2024-10-07 16:00:00,晴,-99,-99.0,-99.0,-99,-99.0
971,大社,2024-10-07 16:00:00,多雲,264,1.8,30.2,70,1010.1
972,橋頭,2024-10-07 16:00:00,晴,253,1.9,-99.0,-99,1008.3
973,阿公店,2024-10-07 17:00:00,陰有雷,-99,-99.0,-99.0,-99,-99.0
974,大社,2024-10-07 17:00:00,陰有雷,258,1.3,29.1,75,1010.7
975,橋頭,2024-10-07 17:00:00,陰有雷,249,2.2,-99.0,-99,1008.9
976,阿公店,2024-10-07 18:00:00,陰,-99,-99.0,-99.0,-99,-99.0
977,大社,2024-10-07 18:00:00,陰,265,1.3,28.8,80,1010.9
978,橋頭,2024-10-07 18:00:00,陰,244,0.9,-99.0,-99,1009.1
979,阿公店,2024-10-07 19:00:00,陰,-99,-99.0,-99.0,-99,-99.0
980,大社,2024-10-07 19:00:00,陰,9,0.9,28.4,90,1011.4
981,橋頭,2024-10-07 19:00:00,陰,248,1.0,-99.0,-99,1009.6
982,阿公店,2024-10-07 20:00:00,陰,-99,-99.0,-99.0,-99,-99.0
983,大社,2024-10-07 20:00:00,陰,83,1.7,27.2,100,1012.2
984,橋頭,2024-10-07 20:00:00,陰,331,0.9,-99.0,-99,1010.4
985,阿公店,2024-10-07 21:00:00,陰,-99,-99.0,-99.0,-99,-99.0
986,大社,2024-10-07 21:00:00,陰有雨,33,1.3,26.8,100,1012.6
987,橋頭,2024-10-07 21:00:00,陰,106,0.5,-99.0,-99,1010.8
988,阿公店,2024-10-07 22:00:00,陰,-99,-99.0,-99.0,-99,-99.0
989,大社,2024-10-07 22:00:00,陰,55,1.2,27.1,100,1012.5
990,橋頭,2024-10-07 22:00:00,陰,46,0.6,-99.0,-99,1010.6
991,阿公店,2024-10-07 23:00:00,陰,-99,-99.0,-99.0,-99,-99.0
992,大社,2024-10-07 23:00:00,陰,35,1.9,26.7,100,1012.5
993,橋頭,2024-10-07 23:00:00,陰,55,0.8,-99.0,-99,1010.7
994,阿公店,2024-10-08 00:00:00,陰,-99,-99.0,-99.0,-99,-99.0
995,大社,2024-10-08 00:00:00,陰,0,0.2,26.3,100,1012.2
996,橋頭,2024-10-08 00:00:00,陰,0,0.2,-99.0,-99,1010.4
997,阿公店,2024-10-08 01:00:00,多雲,-99,-99.0,-99.0,-99,-99.0
998,大社,2024-10-08 01:00:00,多雲,2,0.7,26.1,100,1011.8
999,橋頭,2024-10-08 01:00:00,多雲,59,0.6,-99.0,-99,1009.9
1000,阿公店,2024-10-08 02:00:00,多雲,-99,-99.0,-99.0,-99,-99.0
1001,大社,2024-10-08 02:00:00,多雲,0,0.1,25.8,100,1011.2
1002,橋頭,2024-10-08 02:00:00,多雲,0,0.0,-99.0,-99,1009.4
1003,阿公店,2024-10-08 03:00:00,陰,-99,-99.0,-99.0,-99,-99.0
1004,大社,2024-10-08 03:00:00,陰,0,0.1,26.3,100,1010.8
1005,橋頭,2024-10-08 03:00:00,陰,0,0.2,-99.0,-99,1009.0
1006,阿公店,2024-10-08 04:00:00,陰,-99,-99.0,-99.0,-99,-99.0
1007,大社,2024-10-08 04:00:00,陰,15,0.8,25.8,100,1010.5
1008,橋頭,2024-10-08 04:00:00,陰,42,0.8,-99.0,-99,1008.7
1009,阿公店,2024-10-08 05:00:00,陰,-99,-99.0,-99.0,-99,-99.0
1010,大社,2024-10-08 05:00:00,陰,334,0.6,25.4,100,1011.1
1011,橋頭,2024-10-08 05:00:00,陰,17,1.1,-99.0,-99,1009.2
1012,阿公店,2024-10-08 06:00:00,陰,-99,-99.0,-99.0,-99,-99.0
1013,大社,2024-10-08 06:00:00,陰,89,0.4,25.6,100,1011.3
1014,橋頭,2024-10-08 06:00:00,陰,105,0.7,-99.0,-99,1009.4
1015,阿公店,2024-10-08 07:00:00,陰,-99,-99.0,-99.0,-99,-99.0
1016,大社,2024-10-08 07:00:00,多雲,0,0.0,26.5,100,1011.7
1017,橋頭,2024-10-08 07:00:00,多雲,0,0.1,-99.0,-99,1009.8
1018,阿公店,2024-10-08 08:00:00,陰,-99,-99.0,-99.0,-99,-99.0
1019,大社,2024-10-08 08:00:00,陰,22,0.6,27.4,100,1012.2
1020,橋頭,2024-10-08 08:00:00,陰,23,0.8,-99.0,-99,1010.4
1021,阿公店,2024-10-08 09:00:00,多雲,-99,-99.0,-99.0,-99,-99.0
1022,大社,2024-10-08 09:00:00,多雲,357,0.7,28.9,91,1012.5
1023,橋頭,2024-10-08 09:00:00,多雲,318,0.7,-99.0,-99,1010.6
1024,阿公店,2024-10-08 10:00:00,晴,-99,-99.0,-99.0,-99,-99.0
1025,大社,2024-10-08 10:00:00,晴,133,1.4,31.0,67,1012.2
1026,橋頭,2024-10-08 10:00:00,晴,-99,-99.0,-99.0,-99,-99.0
1027,阿公店,2024-10-08 11:00:00,晴,-99,-99.0,-99.0,-99,-99.0
1028,大社,2024-10-08 11:00:00,晴,246,1.1,31.2,61,1011.6
1029,橋頭,2024-10-08 11:00:00,晴,-99,-99.0,-99.0,-99,-99.0
1030,阿公店,2024-10-08 12:00:00,晴,-99,-99.0,-99.0,-99,-99.0
1031,大社,2024-10-08 12:00:00,晴,290,2.0,31.0,67,1010.9
1032,橋頭,2024-10-08 12:00:00,晴,-99,-99.0,-99.0,-99,-99.0
1033,阿公店,2024-10-08 13:00:00,晴,-99,-99.0,-99.0,-99,-99.0
1034,大社,2024-10-08 13:00:00,多雲,254,2.2,30.8,65,1010.2
1035,橋頭,2024-10-08 13:00:00,晴,-99,-99.0,-99.0,-99,-99.0
1036,阿公店,2024-10-08 14:00:00,多雲,-99,-99.0,-99.0,-99,-99.0
1037,大社,2024-10-08 14:00:00,晴,245,1.5,30.6,65,1009.6
1038,橋頭,2024-10-08 14:00:00,晴,-99,-99.0,-99.0,-99,-99.0
1039,阿公店,2024-10-08 15:00:00,多雲,-99,-99.0,-99.0,-99,-99.0
1040,大社,2024-10-08 15:00:00,多雲有雷,291,1.7,31.0,62,1009.5
1041,橋頭,2024-10-08 15:00:00,多雲,-99,-99.0,-99.0,-99,-99.0
1042,阿公店,2024-10-08 16:00:00,多雲,-99,-99.0,-99.0,-99,-99.0
1043,大社,2024-10-08 16:00:00,多雲,236,1.3,31.0,60,1009.6
1044,橋頭,2024-10-08 16:00:00,多雲,-99,-99.0,-99.0,-99,-99.0
1045,阿公店,2024-10-08 17:00:00,多雲,-99,-99.0,-99.0,-99,-99.0
1046,大社,2024-10-08 17:00:00,多雲,218,0.9,30.4,63,1009.7
1047,橋頭,2024-10-08 17:00:00,多雲,-99,-99.0,-99.0,-99,-99.0
1048,阿公店,2024-10-08 18:00:00,多雲,-99,-99.0,-99.0,-99,-99.0
1049,大社,2024-10-08 18:00:00,多雲,153,1.3,28.7,76,1010.1
1050,橋頭,2024-10-08 18:00:00,多雲,-99,-99.0,-99.0,-99,-99.0
1051,阿公店,2024-10-08 19:00:00,多雲,-99,-99.0,-99.0,-99,-99.0
1052,大社,2024-10-08 19:00:00,多雲,150,2.1,27.7,94,1010.8
1053,橋頭,2024-10-08 19:00:00,多雲,-99,-99.0,-99.0,-99,-99.0
1054,阿公店,2024-10-08 20:00:00,多雲,-99,-99.0,-99.0,-99,-99.0
1055,大社,2024-10-08 20:00:00,多雲,146,1.4,27.6,100,1011.4
1056,橋頭,2024-10-08 20:00:00,多雲,-99,-99.0,-99.0,-99,-99.0
1057,阿公店,2024-10-08 21:00:00,多雲,-99,-99.0,-99.0,-99,-99.0
1058,大社,2024-10-08 21:00:00,多雲,143,1.6,27.1,100,1011.9
1059,橋頭,2024-10-08 21:00:00,多雲,-99,-99.0,-99.0,-99,-99.0
1060,阿公店,2024-10-08 22:00:00,多雲,-99,-99.0,-99.0,-99,-99.0
1061,大社,2024-10-08 22:00:00,多雲,142,1.0,27.1,100,1012.0
1062,橋頭,2024-10-08 22:00:00,多雲,-99,-99.0,-99.0,-99,-99.0
1063,阿公店,2024-10-08 23:00:00,多雲,-99,-99.0,-99.0,-99,-99.0
1064,大社,2024-10-08 23:00:00,多雲,105,1.0,27.0,100,1011.9
1065,橋頭,2024-10-08 23:00:00,多雲,-99,-99.0,-99.0,-99,-99.0
1066,阿公店,2024-10-09 00:00:00,多雲,-99,-99.0,-99.0,-99,-99.0
1067,大社,2024-10-09 00:00:00,多雲,70,0.6,26.3,100,1011.4
1068,橋頭,2024-10-09 00:00:00,多雲,-99,-99.0,-99.0,-99,-99.0
1069,阿公店,2024-10-09 01:00:00,多雲,-99,-99.0,-99.0,-99,-99.0
1070,大社,2024-10-09 01:00:00,多雲,76,1.2,26.7,100,1010.7
1071,橋頭,2024-10-09 01:00:00,多雲,-99,-99.0,-99.0,-99,-99.0
1072,阿公店,2024-10-09 02:00:00,多雲,-99,-99.0,-99.0,-99,-99.0
1073,大社,2024-10-09 02:00:00,多雲,24,1.6,25.9,100,1010.2
1074,橋頭,2024-10-09 02:00:00,多雲,-99,-99.0,-99.0,-99,-99.0
1075,阿公店,2024-10-09 03:00:00,多雲,-99,-99.0,-99.0,-99,-99.0
1076,大社,2024-10-09 03:00:00,多雲,49,1.0,25.9,100,1009.4
1077,橋頭,2024-10-09 03:00:00,多雲,-99,-99.0,-99.0,-99,-99.0
1078,阿公店,2024-10-09 04:00:00,多雲,-99,-99.0,-99.0,-99,-99.0
1079,大社,2024-10-09 04:00:00,多雲,25,0.8,25.6,100,1009.3
1080,橋頭,2024-10-09 04:00:00,多雲,-99,-99.0,-99.0,-99,-99.0
1081,阿公店,2024-10-09 05:00:00,多雲,-99,-99.0,-99.0,-99,-99.0
1082,大社,2024-10-09 05:00:00,多雲,326,0.7,25.2,100,1009.7
1083,橋頭,2024-10-09 05:00:00,多雲,-99,-99.0,-99.0,-99,-99.0
1084,阿公店,2024-10-09 06:00:00,多雲,-99,-99.0,-99.0,-99,-99.0
1085,大社,2024-10-09 06:00:00,多雲,33,0.4,25.2,100,1010.2
1086,橋頭,2024-10-09 06:00:00,多雲,-99,-99.0,-99.0,-99,-99.0
1087,阿公店,2024-10-09 07:00:00,晴,-99,-99.0,-99.0,-99,-99.0
1088,大社,2024-10-09 07:00:00,晴,329,0.7,25.6,100,1010.8
1089,橋頭,2024-10-09 07:00:00,晴,-99,-99.0,-99.0,-99,-99.0
1090,阿公店,2024-10-09 08:00:00,晴,-99,-99.0,-99.0,-99,-99.0
1091,大社,2024-10-09 08:00:00,晴,3,1.0,27.1,100,1010.9
1092,橋頭,2024-10-09 08:00:00,晴,-99,-99.0,-99.0,-99,-99.0
1093,阿公店,2024-10-09 09:00:00,晴,-99,-99.0,-99.0,-99,-99.0
1094,大社,2024-10-09 09:00:00,晴,27,1.2,28.2,96,1011.2
1095,橋頭,2024-10-09 09:00:00,晴,-99,-99.0,-99.0,-99,-99.0
1096,阿公店,2024-10-09 10:00:00,晴,-99,-99.0,-99.0,-99,-99.0
1097,大社,2024-10-09 10:00:00,晴,307,1.5,29.7,72,1011.4
1098,橋頭,2024-10-09 10:00:00,晴,-99,-99.0,-99.0,-99,-99.0
