日期,時段,預測發電量
2024-11-07,07,27.7
2024-11-07,08,64.0
2024-11-07,09,90.6
2024-11-07,10,90.0
2024-11-07,11,100.3
2024-11-07,12,106.1
2024-11-07,13,85.3
2024-11-07,14,72.8
2024-11-07,15,38.5
2024-11-07,16,26.2
2024-11-07,17,24.0
日期,時段,預測發電(度)
2024-11-07,07,27.7
2024-11-07,08,64.0
2024-11-07,09,90.6
2024-11-07,10,90.0
2024-11-07,11,100.3
2024-11-07,12,106.1
2024-11-07,13,85.3
2024-11-07,14,72.8
2024-11-07,15,38.5
2024-11-07,16,26.2
2024-11-07,17,24.0
日期,時段,預測發電(度)
2024-11-07,07,27.7
2024-11-07,08,64.0
2024-11-07,09,90.6
2024-11-07,10,90.0
2024-11-07,11,100.3
2024-11-07,12,106.1
2024-11-07,13,85.3
2024-11-07,14,72.8
2024-11-07,15,38.5
2024-11-07,16,26.2
2024-11-07,17,24.0
2024-11-08,07,34.8
2024-11-08,08,71.1
2024-11-08,09,97.7
2024-11-08,10,97.1
2024-11-08,11,107.4
2024-11-08,12,113.1
2024-11-08,13,92.4
2024-11-08,14,79.9
2024-11-08,15,45.6
2024-11-08,16,33.3
2024-11-08,17,31.1
2024-11-08,07,34.8
2024-11-08,08,71.1
2024-11-08,09,97.7
2024-11-08,10,97.1
2024-11-08,11,107.4
2024-11-08,12,113.1
2024-11-08,13,92.4
2024-11-08,14,79.9
2024-11-08,15,45.6
2024-11-08,16,33.3
2024-11-08,17,31.1
2024-11-08,07,34.8
2024-11-08,08,71.1
2024-11-08,09,97.7
2024-11-08,10,97.1
2024-11-08,11,107.4
2024-11-08,12,113.1
2024-11-08,13,92.4
2024-11-08,14,79.9
2024-11-08,15,45.6
2024-11-08,16,33.3
2024-11-08,17,31.1
日期,時段,預測發電(度)
2024-11-08,07,34.8
2024-11-08,08,71.1
2024-11-08,09,97.7
2024-11-08,10,97.1
2024-11-08,11,107.4
2024-11-08,12,113.1
2024-11-08,13,92.4
2024-11-08,14,79.9
2024-11-08,15,45.6
2024-11-08,16,33.3
2024-11-08,17,31.1
日期,時段,預測發電(度)
2024-11-08,07,34.8
2024-11-08,08,71.1
2024-11-08,09,97.7
2024-11-08,10,97.1
2024-11-08,11,107.4
2024-11-08,12,113.1
2024-11-08,13,92.4
2024-11-08,14,79.9
2024-11-08,15,45.6
2024-11-08,16,33.3
2024-11-08,17,31.1
日期,時段,預測發電(度)
2024-11-08,07,34.8
2024-11-08,08,71.1
2024-11-08,09,97.7
2024-11-08,10,97.1
2024-11-08,11,107.4
2024-11-08,12,113.1
2024-11-08,13,92.4
2024-11-08,14,79.9
2024-11-08,15,45.6
2024-11-08,16,33.3
2024-11-08,17,31.1
日期,時段,預測發電(度)
2024-11-08,07,34.8
2024-11-08,08,71.1
2024-11-08,09,97.7
2024-11-08,10,97.1
2024-11-08,11,107.4
2024-11-08,12,113.1
2024-11-08,13,92.4
2024-11-08,14,79.9
2024-11-08,15,45.6
2024-11-08,16,33.3
2024-11-08,17,31.1
2024-11-09,07,36.0
2024-11-09,08,72.1
2024-11-09,09,98.4
2024-11-09,10,97.6
2024-11-09,11,107.7
2024-11-09,12,113.1
2024-11-09,13,92.4
2024-11-09,14,80.2
2024-11-09,15,46.2
2024-11-09,16,34.2
2024-11-09,17,32.3
2024-11-09,07,36.0
2024-11-09,08,72.1
2024-11-09,09,98.4
2024-11-09,10,97.6
2024-11-09,11,107.7
2024-11-09,12,113.1
2024-11-09,13,92.4
2024-11-09,14,80.2
2024-11-09,15,46.2
2024-11-09,16,34.2
2024-11-09,17,32.3
2024-11-09,07,36.0
2024-11-09,08,71.6
2024-11-09,09,97.4
2024-11-09,10,96.1
2024-11-09,11,105.7
2024-11-09,12,110.6
2024-11-09,13,89.8
2024-11-09,14,78.3
2024-11-09,15,45.0
2024-11-09,16,33.6
2024-11-09,17,32.3
2024-11-09,07,36.0
2024-11-09,08,71.6
2024-11-09,09,97.4
2024-11-09,10,96.1
2024-11-09,11,105.7
2024-11-09,12,110.6
2024-11-09,13,89.8
2024-11-09,14,78.3
2024-11-09,15,45.0
2024-11-09,16,33.6
2024-11-09,17,32.3
2024-11-09,07,36.0
2024-11-09,08,71.6
2024-11-09,09,97.4
2024-11-09,10,96.1
2024-11-09,11,105.7
2024-11-09,12,110.6
2024-11-09,13,89.8
2024-11-09,14,78.3
2024-11-09,15,45.0
2024-11-09,16,33.6
2024-11-09,17,32.3
2024-11-09,07,36.0
2024-11-09,08,71.6
2024-11-09,09,97.4
2024-11-09,10,96.1
2024-11-09,11,105.7
2024-11-09,12,110.6
2024-11-09,13,89.8
2024-11-09,14,78.3
2024-11-09,15,45.0
2024-11-09,16,33.6
2024-11-09,17,32.3
2024-11-09,07,36.0
2024-11-09,08,71.6
2024-11-09,09,97.4
2024-11-09,10,96.1
2024-11-09,11,105.7
2024-11-09,12,110.6
2024-11-09,13,89.8
2024-11-09,14,78.3
2024-11-09,15,45.0
2024-11-09,16,33.6
2024-11-09,17,32.3
2024-11-10,07,30.2
2024-11-10,08,65.8
2024-11-10,09,91.6
2024-11-10,10,90.2
2024-11-10,11,99.8
2024-11-10,12,104.8
2024-11-10,13,84.0
2024-11-10,14,72.4
2024-11-10,15,39.1
2024-11-10,16,27.7
2024-11-10,17,26.5
2024-11-11,07,31.5
2024-11-11,08,66.8
2024-11-11,09,92.4
2024-11-11,10,90.7
2024-11-11,11,100.1
2024-11-11,12,104.8
2024-11-11,13,84.0
2024-11-11,14,72.8
2024-11-11,15,39.8
2024-11-11,16,28.7
2024-11-11,17,27.7
2024-11-12,07,11.4
2024-11-12,08,41.2
2024-11-12,09,70.7
2024-11-12,10,77.2
2024-11-12,11,82.0
2024-11-12,12,89.7
2024-11-12,13,73.3
2024-11-12,14,56.2
2024-11-12,15,22.2
2024-11-12,16,9.5
2024-11-12,17,8.2
2024-11-12,07,11.4
2024-11-12,08,41.2
2024-11-12,09,70.7
2024-11-12,10,77.2
2024-11-12,11,82.0
2024-11-12,12,89.7
2024-11-12,13,73.3
2024-11-12,14,56.2
2024-11-12,15,22.2
2024-11-12,16,9.5
2024-11-12,17,8.2
2024-11-12,07,11.4
2024-11-12,08,40.6
2024-11-12,09,69.6
2024-11-12,10,75.6
2024-11-12,11,79.8
2024-11-12,12,86.9
2024-11-12,13,70.6
2024-11-12,14,54.1
2024-11-12,15,20.8
2024-11-12,16,8.8
2024-11-12,17,8.2
2024-11-13,07,26.7
2024-11-13,08,56.8
2024-11-13,09,86.6
2024-11-13,10,93.4
2024-11-13,11,98.4
2024-11-13,12,106.4
2024-11-13,13,90.0
2024-11-13,14,72.6
2024-11-13,15,38.2
2024-11-13,16,25.2
2024-11-13,17,23.5
2024-11-13,07,26.7
2024-11-13,08,56.8
2024-11-13,09,86.6
2024-11-13,10,93.4
2024-11-13,11,98.4
2024-11-13,12,106.4
2024-11-13,13,90.0
2024-11-13,14,72.6
2024-11-13,15,38.2
2024-11-13,16,25.2
2024-11-13,17,23.5
2024-11-13,07,34.7
2024-11-13,08,64.5
2024-11-13,09,94.0
2024-11-13,10,100.5
2024-11-13,11,105.3
2024-11-13,12,113.0
2024-11-13,13,96.6
2024-11-13,14,79.5
2024-11-13,15,45.5
2024-11-13,16,32.8
2024-11-13,17,31.5
2024-11-14,07,34.7
2024-11-14,08,65.0
2024-11-14,09,95.1
2024-11-14,10,102.2
2024-11-14,11,107.5
2024-11-14,12,115.7
2024-11-14,13,99.3
2024-11-14,14,81.5
2024-11-14,15,46.8
2024-11-14,16,33.5
2024-11-14,17,31.5
2024-11-14,07,34.7
2024-11-14,08,65.0
2024-11-14,09,95.1
2024-11-14,10,102.2
2024-11-14,11,107.5
2024-11-14,12,115.7
2024-11-14,13,99.3
2024-11-14,14,81.5
2024-11-14,15,46.8
2024-11-14,16,33.5
2024-11-14,17,31.5
2024-11-14,07,34.7
2024-11-14,08,65.0
2024-11-14,09,95.1
2024-11-14,10,102.2
2024-11-14,11,107.5
2024-11-14,12,115.7
2024-11-14,13,99.3
2024-11-14,14,81.5
2024-11-14,15,46.8
2024-11-14,16,33.5
2024-11-14,17,31.5
2024-11-15,07,11.4
2024-11-15,08,41.2
2024-11-15,09,70.7
2024-11-15,10,77.2
2024-11-15,11,82.0
2024-11-15,12,89.7
2024-11-15,13,73.3
2024-11-15,14,56.2
2024-11-15,15,22.2
2024-11-15,16,9.5
2024-11-15,17,8.2
2024-11-16,07,34.7
2024-11-16,08,63.9
2024-11-16,09,92.9
2024-11-16,10,98.9
2024-11-16,11,103.1
2024-11-16,12,110.2
2024-11-16,13,93.9
2024-11-16,14,77.5
2024-11-16,15,44.1
2024-11-16,16,32.1
2024-11-16,17,31.5
2024-11-17,07,25.4
2024-11-17,08,55.5
2024-11-17,09,85.3
2024-11-17,10,92.1
2024-11-17,11,97.1
2024-11-17,12,105.0
2024-11-17,13,88.7
2024-11-17,14,71.2
2024-11-17,15,36.9
2024-11-17,16,23.9
2024-11-17,17,22.2
2024-11-19,07,22.7
2024-11-19,08,52.7
2024-11-19,09,82.5
2024-11-19,10,89.3
2024-11-19,11,94.3
2024-11-19,12,102.3
2024-11-19,13,86.0
2024-11-19,14,68.5
2024-11-19,15,34.1
2024-11-19,16,21.1
2024-11-19,17,19.4
2024-11-19,07,22.8
2024-11-19,08,52.8
2024-11-19,09,82.9
2024-11-19,10,89.0
2024-11-19,11,93.8
2024-11-19,12,101.7
2024-11-19,13,85.5
2024-11-19,14,68.2
2024-11-19,15,32.8
2024-11-19,16,12.0
2024-11-19,17,9.8
日期,時段,預測發電(度)
2024-11-19,07,21.3
2024-11-19,08,52.7
2024-11-19,09,77.0
2024-11-19,10,89.5
2024-11-19,11,95.5
2024-11-19,12,93.6
2024-11-19,13,82.6
2024-11-19,14,61.9
2024-11-19,15,27.6
2024-11-19,16,10.2
2024-11-19,17,6.6
2024-11-19,07,20.6
2024-11-19,08,52.0
2024-11-19,09,76.0
2024-11-19,10,88.2
2024-11-19,11,94.0
2024-11-19,12,92.1
2024-11-19,13,81.1
2024-11-19,14,59.3
2024-11-19,15,24.1
2024-11-19,16,-1.7
2024-11-19,17,-6.3
2024-11-19,07,21.3
2024-11-19,08,52.7
2024-11-19,09,77.0
2024-11-19,10,89.5
2024-11-19,11,95.5
2024-11-19,12,93.6
2024-11-19,13,82.6
2024-11-19,14,61.9
2024-11-19,15,27.6
2024-11-19,16,10.2
2024-11-19,17,6.6
2024-11-19,07,21.3
2024-11-19,08,52.7
2024-11-19,09,77.0
2024-11-19,10,89.5
2024-11-19,11,95.5
2024-11-19,12,93.6
2024-11-19,13,82.6
2024-11-19,14,61.9
2024-11-19,15,27.6
2024-11-19,16,10.2
2024-11-19,17,6.6
2024-11-20,07,21.3
2024-11-20,08,53.3
2024-11-20,09,78.2
2024-11-20,10,91.2
2024-11-20,11,97.8
2024-11-20,12,96.4
2024-11-20,13,85.5
2024-11-20,14,64.0
2024-11-20,15,29.0
2024-11-20,16,10.9
2024-11-20,17,6.6
2024-11-21,07,21.3
2024-11-21,08,53.3
2024-11-21,09,78.2
2024-11-21,10,91.2
2024-11-21,11,97.8
2024-11-21,12,96.4
2024-11-21,13,85.5
2024-11-21,14,64.0
2024-11-21,15,29.0
2024-11-21,16,10.9
2024-11-21,17,6.6
2024-11-22,07,25.6
2024-11-22,08,58.1
2024-11-22,09,83.6
2024-11-22,10,97.2
2024-11-22,11,104.4
2024-11-22,12,103.6
2024-11-22,13,92.7
2024-11-22,14,70.5
2024-11-22,15,34.7
2024-11-22,16,15.9
2024-11-22,17,10.9
2024-11-23,07,18.4
2024-11-23,08,49.8
2024-11-23,09,74.1
2024-11-23,10,86.6
2024-11-23,11,92.6
2024-11-23,12,90.7
2024-11-23,13,79.8
2024-11-23,14,59.0
2024-11-23,15,24.7
2024-11-23,16,7.3
2024-11-23,17,3.8
2024-11-24,07,28.5
2024-11-24,08,59.8
2024-11-24,09,84.2
2024-11-24,10,96.6
2024-11-24,11,102.7
2024-11-24,12,100.7
2024-11-24,13,89.8
2024-11-24,14,69.0
2024-11-24,15,34.7
2024-11-24,16,17.4
2024-11-24,17,13.8
2024-11-25,07,28.5
2024-11-25,08,59.8
2024-11-25,09,84.2
2024-11-25,10,96.6
2024-11-25,11,102.7
2024-11-25,12,100.7
2024-11-25,13,89.8
2024-11-25,14,69.0
2024-11-25,15,34.7
2024-11-25,16,17.4
2024-11-25,17,13.8
2024-11-26,07,21.3
2024-11-26,08,53.3
2024-11-26,09,78.2
2024-11-26,10,91.2
2024-11-26,11,97.8
2024-11-26,12,96.4
2024-11-26,13,85.5
2024-11-26,14,64.0
2024-11-26,15,29.0
2024-11-26,16,10.9
2024-11-26,17,6.6
2024-11-26,07,25.6
2024-11-26,08,58.1
2024-11-26,09,83.6
2024-11-26,10,97.2
2024-11-26,11,104.4
2024-11-26,12,103.6
2024-11-26,13,92.7
2024-11-26,14,70.5
2024-11-26,15,34.7
2024-11-26,16,15.9
2024-11-26,17,10.9
2024-11-26,07,25.6
2024-11-26,08,58.1
2024-11-26,09,83.6
2024-11-26,10,97.2
2024-11-26,11,104.4
2024-11-26,12,103.6
2024-11-26,13,92.7
2024-11-26,14,70.5
2024-11-26,15,34.7
2024-11-26,16,15.9
2024-11-26,17,10.9
2024-11-26,07,25.6
2024-11-26,08,58.1
2024-11-26,09,83.6
2024-11-26,10,97.2
2024-11-26,11,104.4
2024-11-26,12,103.6
2024-11-26,13,92.7
2024-11-26,14,70.5
2024-11-26,15,34.7
2024-11-26,16,15.9
2024-11-26,17,10.9
2024-11-26,07,25.6
2024-11-26,08,58.1
2024-11-26,09,83.6
2024-11-26,10,97.2
2024-11-26,11,104.4
2024-11-26,12,103.6
2024-11-26,13,92.7
2024-11-26,14,70.5
2024-11-26,15,34.7
2024-11-26,16,15.9
2024-11-26,17,10.9
2024-11-26,07,25.6
2024-11-26,08,58.1
2024-11-26,09,83.6
2024-11-26,10,97.2
2024-11-26,11,104.4
2024-11-26,12,103.6
2024-11-26,13,92.7
2024-11-26,14,70.5
2024-11-26,15,34.7
2024-11-26,16,15.9
2024-11-26,17,10.9
2024-11-27,07,19.8
2024-11-27,08,52.4
2024-11-27,09,77.9
2024-11-27,10,91.5
2024-11-27,11,98.7
2024-11-27,12,97.9
2024-11-27,13,86.9
2024-11-27,14,64.7
2024-11-27,15,29.0
2024-11-27,16,10.2
2024-11-27,17,5.2
2024-11-27,07,19.8
2024-11-27,08,51.8
2024-11-27,09,76.7
2024-11-27,10,89.7
2024-11-27,11,96.4
2024-11-27,12,95.0
2024-11-27,13,84.1
2024-11-27,14,62.6
2024-11-27,15,27.5
2024-11-27,16,9.5
2024-11-27,17,5.2
2024-11-29,07,11.2
2024-11-29,08,44.4
2024-11-29,09,70.4
2024-11-29,10,84.6
2024-11-29,11,92.3
2024-11-29,12,92.1
2024-11-29,13,81.2
2024-11-29,14,58.3
2024-11-29,15,21.8
2024-11-29,16,2.3
2024-11-29,17,-3.4
2024-11-30,07,17.0
2024-11-30,08,48.9
2024-11-30,09,73.8
2024-11-30,10,86.9
2024-11-30,11,93.5
2024-11-30,12,92.1
2024-11-30,13,81.2
2024-11-30,14,59.7
2024-11-30,15,24.7
2024-11-30,16,6.6
2024-11-30,17,2.3
2024-12-01,07,19.8
2024-12-01,08,52.4
2024-12-01,09,77.9
2024-12-01,10,91.5
2024-12-01,11,98.7
2024-12-01,12,97.9
2024-12-01,13,86.9
2024-12-01,14,64.7
2024-12-01,15,29.0
2024-12-01,16,10.2
2024-12-01,17,5.2
2024-12-01,07,19.8
2024-12-01,08,51.2
2024-12-01,09,75.6
2024-12-01,10,88.0
2024-12-01,11,94.1
2024-12-01,12,92.1
2024-12-01,13,81.2
2024-12-01,14,60.4
2024-12-01,15,26.1
2024-12-01,16,8.8
2024-12-01,17,5.2
2024-12-02,07,19.8
2024-12-02,08,53.0
2024-12-02,09,79.0
2024-12-02,10,93.2
2024-12-02,11,100.9
2024-12-02,12,100.7
2024-12-02,13,89.8
2024-12-02,14,66.9
2024-12-02,15,30.4
2024-12-02,16,10.9
2024-12-02,17,5.2
2024-12-03,07,22.7
2024-12-03,08,55.3
2024-12-03,09,80.7
2024-12-03,10,94.3
2024-12-03,11,101.5
2024-12-03,12,100.7
2024-12-03,13,89.8
2024-12-03,14,67.6
2024-12-03,15,31.9
2024-12-03,16,13.1
2024-12-03,17,8.0
2024-12-04,07,22.7
2024-12-04,08,55.3
2024-12-04,09,80.7
2024-12-04,10,94.3
2024-12-04,11,101.5
2024-12-04,12,100.7
2024-12-04,13,89.8
2024-12-04,14,67.6
2024-12-04,15,31.9
2024-12-04,16,13.1
2024-12-04,17,8.0
2024-12-05,07,22.7
2024-12-05,08,55.3
2024-12-05,09,80.7
2024-12-05,10,94.3
2024-12-05,11,101.5
2024-12-05,12,100.7
2024-12-05,13,89.8
2024-12-05,14,67.6
2024-12-05,15,31.9
2024-12-05,16,13.1
2024-12-05,17,8.0
2024-12-06,07,22.7
2024-12-06,08,55.3
2024-12-06,09,80.7
2024-12-06,10,94.3
2024-12-06,11,101.5
2024-12-06,12,100.7
2024-12-06,13,89.8
2024-12-06,14,67.6
2024-12-06,15,31.9
2024-12-06,16,13.1
2024-12-06,17,8.0
2024-12-07,07,19.8
2024-12-07,08,53.5
2024-12-07,09,80.1
2024-12-07,10,94.9
2024-12-07,11,103.2
2024-12-07,12,103.6
2024-12-07,13,92.7
2024-12-07,14,69.0
2024-12-07,15,31.9
2024-12-07,16,11.6
2024-12-07,17,5.2
2024-12-08,07,17.0
2024-12-08,08,50.7
2024-12-08,09,77.3
2024-12-08,10,92.0
2024-12-08,11,100.4
2024-12-08,12,100.7
2024-12-08,13,89.8
2024-12-08,14,66.2
2024-12-08,15,29.0
2024-12-08,16,8.8
2024-12-08,17,2.3
2024-12-09,07,17.0
2024-12-09,08,49.5
2024-12-09,09,75.0
2024-12-09,10,88.6
2024-12-09,11,95.8
2024-12-09,12,95.0
2024-12-09,13,84.1
2024-12-09,14,61.9
2024-12-09,15,26.1
2024-12-09,16,7.3
2024-12-09,17,2.3
2024-12-10,07,19.8
2024-12-10,08,52.4
2024-12-10,09,77.9
2024-12-10,10,91.5
2024-12-10,11,98.7
2024-12-10,12,97.9
2024-12-10,13,86.9
2024-12-10,14,64.7
2024-12-10,15,29.0
2024-12-10,16,10.2
2024-12-10,17,5.2
2024-12-11,07,19.8
2024-12-11,08,53.0
2024-12-11,09,79.0
2024-12-11,10,93.2
2024-12-11,11,100.9
2024-12-11,12,100.7
2024-12-11,13,89.8
2024-12-11,14,66.9
2024-12-11,15,30.4
2024-12-11,16,10.9
2024-12-11,17,5.2
2024-12-12,07,19.8
2024-12-12,08,52.4
2024-12-12,09,77.9
2024-12-12,10,91.5
2024-12-12,11,98.7
2024-12-12,12,97.9
2024-12-12,13,86.9
2024-12-12,14,64.7
2024-12-12,15,29.0
2024-12-12,16,10.2
2024-12-12,17,5.2
2024-12-13,07,19.8
2024-12-13,08,52.4
2024-12-13,09,77.9
2024-12-13,10,91.5
2024-12-13,11,98.7
2024-12-13,12,97.9
2024-12-13,13,86.9
2024-12-13,14,64.7
2024-12-13,15,29.0
2024-12-13,16,10.2
2024-12-13,17,5.2
2024-12-13,07,12.0
2024-12-13,08,40.3
2024-12-13,09,63.0
2024-12-13,10,78.6
2024-12-13,11,79.4
2024-12-13,12,79.2
2024-12-13,13,65.6
2024-12-13,14,47.2
2024-12-13,15,13.2
2024-12-13,16,-1.4
2024-12-13,17,-5.0
2024-12-14,07,9.2
2024-12-14,08,37.5
2024-12-14,09,60.1
2024-12-14,10,75.8
2024-12-14,11,76.5
2024-12-14,12,76.4
2024-12-14,13,62.8
2024-12-14,14,44.3
2024-12-14,15,10.4
2024-12-14,16,-4.2
2024-12-14,17,-7.8
2024-12-15,07,11.6
2024-12-15,08,41.6
2024-12-15,09,66.0
2024-12-15,10,83.3
2024-12-15,11,85.8
2024-12-15,12,87.4
2024-12-15,13,73.8
2024-12-15,14,53.2
2024-12-15,15,17.1
2024-12-15,16,0.3
2024-12-15,17,-5.4
2024-12-18,07,14.5
2024-12-18,08,44.5
2024-12-18,09,68.8
2024-12-18,10,86.2
2024-12-18,11,88.7
2024-12-18,12,90.2
2024-12-18,13,76.6
2024-12-18,14,56.0
2024-12-18,15,20.0
2024-12-18,16,3.2
2024-12-18,17,-2.5
2024-12-19,07,11.6
2024-12-19,08,41.0
2024-12-19,09,64.8
2024-12-19,10,81.6
2024-12-19,11,83.5
2024-12-19,12,84.5
2024-12-19,13,70.9
2024-12-19,14,51.0
2024-12-19,15,15.7
2024-12-19,16,-0.4
2024-12-19,17,-5.4
2024-12-20,07,11.6
2024-12-20,08,42.2
2024-12-20,09,67.1
2024-12-20,10,85.1
2024-12-20,11,88.1
2024-12-20,12,90.2
2024-12-20,13,76.6
2024-12-20,14,55.3
2024-12-20,15,18.5
2024-12-20,16,1.1
2024-12-20,17,-5.4
2024-12-21,07,11.6
2024-12-21,08,42.8
2024-12-21,09,68.3
2024-12-21,10,86.8
2024-12-21,11,90.4
2024-12-21,12,93.1
2024-12-21,13,79.5
2024-12-21,14,57.5
2024-12-21,15,20.0
2024-12-21,16,1.8
2024-12-21,17,-5.4
2024-12-22,07,-10.2
2024-12-22,08,20.4
2024-12-22,09,45.3
2024-12-22,10,63.3
2024-12-22,11,66.3
2024-12-22,12,68.4
2024-12-22,13,54.8
2024-12-22,14,33.5
2024-12-22,15,-3.3
2024-12-22,16,-20.7
2024-12-22,17,-27.2
2024-12-23,07,-37.1
2024-12-23,08,-9.3
2024-12-23,09,12.7
2024-12-23,10,27.8
2024-12-23,11,28.0
2024-12-23,12,27.3
2024-12-23,13,13.6
2024-12-23,14,-4.1
2024-12-23,15,-37.3
2024-12-23,16,-51.2
2024-12-23,17,-54.1
2024-12-26,07,20.2
2024-12-26,08,50.2
2024-12-26,09,74.6
2024-12-26,10,91.9
2024-12-26,11,94.4
2024-12-26,12,96.0
2024-12-26,13,82.3
2024-12-26,14,61.8
2024-12-26,15,25.7
2024-12-26,16,8.9
2024-12-26,17,3.2
2024-12-27,07,-1.6
2024-12-27,08,24.4
2024-12-27,09,44.8
2024-12-27,10,58.1
2024-12-27,11,56.6
2024-12-27,12,54.1
2024-12-27,13,40.5
2024-12-27,14,24.9
2024-12-27,15,-6.1
2024-12-27,16,-17.9
2024-12-27,17,-18.6
2024-12-27,07,-0.5
2024-12-27,08,23.6
2024-12-27,09,45.0
2024-12-27,10,56.1
2024-12-27,11,57.7
2024-12-27,12,55.8
2024-12-27,13,42.8
2024-12-27,14,26.5
2024-12-27,15,-2.0
2024-12-27,16,-17.0
2024-12-27,17,-17.7
2024-12-28,07,17.0
2024-12-28,08,42.7
2024-12-28,09,65.6
2024-12-28,10,78.1
2024-12-28,11,81.3
2024-12-28,12,80.9
2024-12-28,13,67.9
2024-12-28,14,49.7
2024-12-28,15,19.3
2024-12-28,16,2.4
2024-12-28,17,-0.2
2024-12-29,07,11.9
2024-12-29,08,39.1
2024-12-29,09,63.5
2024-12-29,10,77.6
2024-12-29,11,82.3
2024-12-29,12,83.5
2024-12-29,13,70.5
2024-12-29,14,50.4
2024-12-29,15,18.1
2024-12-29,16,-0.8
2024-12-29,17,-5.2
2024-12-31,07,22.1
2024-12-31,08,48.8
2024-12-31,09,72.7
2024-12-31,10,86.3
2024-12-31,11,90.5
2024-12-31,12,91.1
2024-12-31,13,78.1
2024-12-31,14,58.6
2024-12-31,15,27.0
2024-12-31,16,8.7
2024-12-31,17,4.9
2024-12-31,07,22.1
2024-12-31,08,48.8
2024-12-31,09,72.7
2024-12-31,10,86.3
2024-12-31,11,90.5
2024-12-31,12,91.1
2024-12-31,13,78.1
2024-12-31,14,58.6
2024-12-31,15,27.0
2024-12-31,16,8.7
2024-12-31,17,4.9
2025-01-01,07,-3.1
2025-01-01,08,22.1
2025-01-01,09,44.5
2025-01-01,10,56.6
2025-01-01,11,59.2
2025-01-01,12,58.3
2025-01-01,13,45.4
2025-01-01,14,27.8
2025-01-01,15,-2.0
2025-01-01,16,-18.3
2025-01-01,17,-20.2
2025-01-02,07,-29.0
2025-01-02,08,-3.8
2025-01-02,09,18.6
2025-01-02,10,30.7
2025-01-02,11,33.4
2025-01-02,12,32.4
2025-01-02,13,19.5
2025-01-02,14,1.9
2025-01-02,15,-27.9
2025-01-02,16,-44.2
2025-01-02,17,-46.1
2025-01-03,07,-3.1
2025-01-03,08,23.1
2025-01-03,09,46.5
2025-01-03,10,59.6
2025-01-03,11,63.3
2025-01-03,12,63.4
2025-01-03,13,50.4
2025-01-03,14,31.6
2025-01-03,15,0.6
2025-01-03,16,-17.0
2025-01-03,17,-20.2
2025-01-04,07,17.0
2025-01-04,08,43.7
2025-01-04,09,67.6
2025-01-04,10,81.2
2025-01-04,11,85.4
2025-01-04,12,86.0
2025-01-04,13,73.0
2025-01-04,14,53.5
2025-01-04,15,21.9
2025-01-04,16,3.6
2025-01-04,17,-0.2
2025-01-05,07,12.2
2025-01-05,08,38.9
2025-01-05,09,62.8
2025-01-05,10,76.4
2025-01-05,11,80.6
2025-01-05,12,81.2
2025-01-05,13,68.3
2025-01-05,14,48.8
2025-01-05,15,17.1
2025-01-05,16,-1.1
2025-01-05,17,-4.9
2025-01-06,07,17.0
2025-01-06,08,44.2
2025-01-06,09,68.6
2025-01-06,10,82.7
2025-01-06,11,87.4
2025-01-06,12,88.5
2025-01-06,13,75.6
2025-01-06,14,55.4
2025-01-06,15,23.2
2025-01-06,16,4.3
2025-01-06,17,-0.2
2025-01-07,07,17.0
2025-01-07,08,43.7
2025-01-07,09,67.6
2025-01-07,10,81.2
2025-01-07,11,85.4
2025-01-07,12,86.0
2025-01-07,13,73.0
2025-01-07,14,53.5
2025-01-07,15,21.9
2025-01-07,16,3.6
2025-01-07,17,-0.2
2025-01-08,07,14.4
2025-01-08,08,42.2
2025-01-08,09,67.1
2025-01-08,10,81.7
2025-01-08,11,86.9
2025-01-08,12,88.5
2025-01-08,13,75.6
2025-01-08,14,54.8
2025-01-08,15,21.9
2025-01-08,16,2.4
2025-01-08,17,-2.7
2025-01-09,07,14.4
2025-01-09,08,42.2
2025-01-09,09,67.1
2025-01-09,10,81.7
2025-01-09,11,86.9
2025-01-09,12,88.5
2025-01-09,13,75.6
2025-01-09,14,54.8
2025-01-09,15,21.9
2025-01-09,16,2.4
2025-01-09,17,-2.7
2025-01-21,07,17.0
2025-01-21,08,44.2
2025-01-21,09,68.6
2025-01-21,10,82.7
2025-01-21,11,87.4
2025-01-21,12,88.5
2025-01-21,13,75.6
2025-01-21,14,55.4
2025-01-21,15,23.2
2025-01-21,16,4.3
2025-01-21,17,-0.2
2025-01-21,07,17.0
2025-01-21,08,44.2
2025-01-21,09,68.6
2025-01-21,10,82.7
2025-01-21,11,87.4
2025-01-21,12,88.5
2025-01-21,13,75.6
2025-01-21,14,55.4
2025-01-21,15,23.2
2025-01-21,16,4.3
2025-01-21,17,-0.2
2025-01-22,07,19.5
2025-01-22,08,46.2
2025-01-22,09,70.1
2025-01-22,10,83.7
2025-01-22,11,87.9
2025-01-22,12,88.5
2025-01-22,13,75.6
2025-01-22,14,56.1
2025-01-22,15,24.4
2025-01-22,16,6.2
2025-01-22,17,2.4
2025-02-04,07,-10.7
2025-02-04,08,15.0
2025-02-04,09,37.9
2025-02-04,10,50.5
2025-02-04,11,53.7
2025-02-04,12,53.3
2025-02-04,13,40.3
2025-02-04,14,22.1
2025-02-04,15,-8.3
2025-02-04,16,-25.3
2025-02-04,17,-27.8
2025-02-04,07,-10.7
2025-02-04,08,15.0
2025-02-04,09,37.9
2025-02-04,10,50.5
2025-02-04,11,53.7
2025-02-04,12,53.3
2025-02-04,13,40.3
2025-02-04,14,22.1
2025-02-04,15,-8.3
2025-02-04,16,-25.3
2025-02-04,17,-27.8
2025-02-05,07,7.1
2025-02-05,08,33.8
2025-02-05,09,57.7
2025-02-05,10,71.3
2025-02-05,11,75.5
2025-02-05,12,76.2
2025-02-05,13,63.2
2025-02-05,14,43.7
2025-02-05,15,12.0
2025-02-05,16,-6.2
2025-02-05,17,-10.0
2025-02-06,07,9.7
2025-02-06,08,36.9
2025-02-06,09,61.3
2025-02-06,10,75.4
2025-02-06,11,80.1
2025-02-06,12,81.2
2025-02-06,13,68.3
2025-02-06,14,48.1
2025-02-06,15,15.8
2025-02-06,16,-3.0
2025-02-06,17,-7.5
2025-02-07,07,7.1
2025-02-07,08,35.4
2025-02-07,09,60.8
2025-02-07,10,75.9
2025-02-07,11,81.6
2025-02-07,12,83.8
2025-02-07,13,70.8
2025-02-07,14,49.4
2025-02-07,15,15.8
2025-02-07,16,-4.3
2025-02-07,17,-10.0
2025-02-08,07,9.4
2025-02-08,08,35.6
2025-02-08,09,59.0
2025-02-08,10,72.0
2025-02-08,11,75.7
2025-02-08,12,75.9
2025-02-08,13,62.9
2025-02-08,14,44.0
2025-02-08,15,13.0
2025-02-08,16,-4.6
2025-02-08,17,-7.8
2025-02-09,07,-3.0
2025-02-09,08,24.2
2025-02-09,09,48.6
2025-02-09,10,62.7
2025-02-09,11,67.4
2025-02-09,12,68.5
2025-02-09,13,55.6
2025-02-09,14,35.4
2025-02-09,15,3.2
2025-02-09,16,-15.7
2025-02-09,17,-20.2
2025-02-10,07,9.4
2025-02-10,08,37.1
2025-02-10,09,62.0
2025-02-10,10,76.6
2025-02-10,11,81.8
2025-02-10,12,83.5
2025-02-10,13,70.5
2025-02-10,14,49.7
2025-02-10,15,16.8
2025-02-10,16,-2.7
2025-02-10,17,-7.8
2025-02-11,07,14.4
2025-02-11,08,42.2
2025-02-11,09,67.1
2025-02-11,10,81.7
2025-02-11,11,86.9
2025-02-11,12,88.5
2025-02-11,13,75.6
2025-02-11,14,54.8
2025-02-11,15,21.9
2025-02-11,16,2.4
2025-02-11,17,-2.7
2025-03-07,07,-3.1
2025-03-07,08,23.6
2025-03-07,09,47.5
2025-03-07,10,61.1
2025-03-07,11,65.3
2025-03-07,12,66.0
2025-03-07,13,53.0
2025-03-07,14,33.5
2025-03-07,15,1.8
2025-03-07,16,-16.4
2025-03-07,17,-20.2
2025-03-07,07,2.8
2025-03-07,08,28.0
2025-03-07,09,53.8
2025-03-07,10,70.0
2025-03-07,11,82.6
2025-03-07,12,78.3
2025-03-07,13,66.7
2025-03-07,14,48.1
2025-03-07,15,22.3
2025-03-07,16,2.6
2025-03-07,17,1.2
2025-03-07,07,2.8
2025-03-07,08,28.0
2025-03-07,09,53.8
2025-03-07,10,70.0
2025-03-07,11,82.6
2025-03-07,12,78.3
2025-03-07,13,66.7
2025-03-07,14,48.1
2025-03-07,15,22.3
2025-03-07,16,2.6
2025-03-07,17,1.2
2025-03-07,07,-6.9
2025-03-07,08,18.4
2025-03-07,09,44.7
2025-03-07,10,60.4
2025-03-07,11,72.9
2025-03-07,12,68.7
2025-03-07,13,57.4
2025-03-07,14,38.5
2025-03-07,15,12.5
2025-03-07,16,-14.2
2025-03-07,17,-15.7
2025-03-08,07,27.9
2025-03-08,08,53.4
2025-03-08,09,79.8
2025-03-08,10,95.7
2025-03-08,11,108.5
2025-03-08,12,104.5
2025-03-08,13,93.1
2025-03-08,14,74.1
2025-03-08,15,47.7
2025-03-08,16,20.8
2025-03-08,17,19.1
2025-04-11,07,34.6
2025-04-11,08,59.2
2025-04-11,09,84.4
2025-04-11,10,100.2
2025-04-11,11,112.2
2025-04-11,12,107.4
2025-04-11,13,95.7
2025-04-11,14,77.9
2025-04-11,15,52.7
2025-04-11,16,34.4
2025-04-11,17,33.7
2025-04-12,07,28.2
2025-04-12,08,53.1
2025-04-12,09,78.7
2025-04-12,10,94.8
2025-04-12,11,107.2
2025-04-12,12,102.8
2025-04-12,13,91.1
2025-04-12,14,72.8
2025-04-12,15,47.2
2025-04-12,16,28.4
2025-04-12,17,27.3
2025-04-13,07,7.7
2025-04-13,08,32.5
2025-04-13,09,57.9
2025-04-13,10,73.8
2025-04-13,11,86.1
2025-04-13,12,81.4
2025-04-13,13,69.7
2025-04-13,14,51.7
2025-04-13,15,26.3
2025-04-13,16,7.8
2025-04-13,17,6.9
2025-04-14,07,30.9
2025-04-14,08,56.1
2025-04-14,09,81.9
2025-04-14,10,98.2
2025-04-14,11,110.7
2025-04-14,12,106.5
2025-04-14,13,94.8
2025-04-14,14,76.3
2025-04-14,15,50.4
2025-04-14,16,31.4
2025-04-14,17,30.1
2025-04-15,07,30.0
2025-04-15,08,55.9
2025-04-15,09,82.4
2025-04-15,10,99.4
2025-04-15,11,112.7
2025-04-15,12,109.2
2025-04-15,13,97.5
2025-04-15,14,78.1
2025-04-15,15,51.4
2025-04-15,16,31.4
2025-04-15,17,29.1
2025-04-16,07,31.9
2025-04-16,08,57.2
2025-04-16,09,83.1
2025-04-16,10,99.6
2025-04-16,11,112.4
2025-04-16,12,108.3
2025-04-16,13,96.6
2025-04-16,14,77.9
2025-04-16,15,51.8
2025-04-16,16,32.6
2025-04-16,17,31.0
2025-04-22,07,43.3
2025-04-22,08,68.8
2025-04-22,09,94.0
2025-04-22,10,111.7
2025-04-22,11,119.8
2025-04-22,12,120.2
2025-04-22,13,107.1
2025-04-22,14,88.2
2025-04-22,15,62.9
2025-04-22,16,42.0
2025-04-22,17,40.1
2025-04-23,07,33.7
2025-04-23,08,58.9
2025-04-23,09,83.8
2025-04-23,10,101.1
2025-04-23,11,108.9
2025-04-23,12,109.0
2025-04-23,13,95.9
2025-04-23,14,77.4
2025-04-23,15,52.5
2025-04-23,16,32.0
2025-04-23,17,30.5
2025-04-24,07,33.7
2025-04-24,08,58.9
2025-04-24,09,83.8
2025-04-24,10,101.1
2025-04-24,11,108.9
2025-04-24,12,109.0
2025-04-24,13,95.9
2025-04-24,14,77.4
2025-04-24,15,52.5
2025-04-24,16,32.0
2025-04-24,17,30.5
2025-04-25,07,33.7
2025-04-25,08,59.2
2025-04-25,09,84.4
2025-04-25,10,102.0
2025-04-25,11,110.2
2025-04-25,12,110.6
2025-04-25,13,97.4
2025-04-25,14,78.6
2025-04-25,15,53.3
2025-04-25,16,32.4
2025-04-25,17,30.5
2025-04-26,07,41.8
2025-04-26,08,67.0
2025-04-26,09,91.9
2025-04-26,10,109.2
2025-04-26,11,117.1
2025-04-26,12,117.1
2025-04-26,13,104.0
2025-04-26,14,85.5
2025-04-26,15,60.6
2025-04-26,16,40.1
2025-04-26,17,38.6
2025-04-27,07,40.3
2025-04-27,08,65.8
2025-04-27,09,91.0
2025-04-27,10,108.6
2025-04-27,11,116.8
2025-04-27,12,117.1
2025-04-27,13,104.0
2025-04-27,14,85.2
2025-04-27,15,59.9
2025-04-27,16,39.0
2025-04-27,17,37.1
2025-04-28,07,32.2
2025-04-28,08,58.0
2025-04-28,09,83.5
2025-04-28,10,101.4
2025-04-28,11,109.9
2025-04-28,12,110.6
2025-04-28,13,97.4
2025-04-28,14,78.2
2025-04-28,15,52.5
2025-04-28,16,31.2
2025-04-28,17,29.0
2025-04-29,07,41.8
2025-04-29,08,67.0
2025-04-29,09,91.9
2025-04-29,10,109.2
2025-04-29,11,117.1
2025-04-29,12,117.1
2025-04-29,13,104.0
2025-04-29,14,85.5
2025-04-29,15,60.6
2025-04-29,16,40.1
2025-04-29,17,38.6
2025-04-30,07,41.8
2025-04-30,08,67.3
2025-04-30,09,92.5
2025-04-30,10,110.2
2025-04-30,11,118.3
2025-04-30,12,118.7
2025-04-30,13,105.5
2025-04-30,14,86.7
2025-04-30,15,61.4
2025-04-30,16,40.5
2025-04-30,17,38.6
2025-05-01,07,41.8
2025-05-01,08,67.6
2025-05-01,09,93.1
2025-05-01,10,111.1
2025-05-01,11,119.5
2025-05-01,12,120.2
2025-05-01,13,107.1
2025-05-01,14,87.8
2025-05-01,15,62.2
2025-05-01,16,40.9
2025-05-01,17,38.6
2025-05-02,07,41.8
2025-05-02,08,67.6
2025-05-02,09,93.1
2025-05-02,10,111.1
2025-05-02,11,119.5
2025-05-02,12,120.2
2025-05-02,13,107.1
2025-05-02,14,87.8
2025-05-02,15,62.2
2025-05-02,16,40.9
2025-05-02,17,38.6
2025-07-05,07,20.6
2025-07-05,08,46.1
2025-07-05,09,71.4
2025-07-05,10,89.0
2025-07-05,11,97.1
2025-07-05,12,97.5
2025-07-05,13,84.4
2025-07-05,14,65.5
2025-07-05,15,40.2
2025-07-05,16,19.3
2025-07-05,17,17.4
